AGAPPL,Commodity_Crop_ACRE,Hay_ACRE,Permanent_Pasture_ACRE,Noncommercial_Woodland_ACRE,Commercial_Timber_ACRE,Other_Crops_ACRE,Homesite_ACRE,Road_Waste_Pond_ACRE,CRP_ACRE,Conservation_Practices_ACRE,Other_Use_ACRE,STATED_TOTAL_ACRES,GROSS_INCOME,GROSS_INCOME_2,GROSS_INCOME_3
1,678.789,,,,,,1,,,,,679.789,,,
2,6.25,,,7.75,,,1,,,,,15,2876,,
3,23,,,6,,,1,,,,,30,,,
4,73.94,,,,,,1,3.334,,1.506,,80,,,
5,34,,,10,,,1,34.9,,,,79.9,,,
6,862.28,0,0,106.339,0,0,1,6.301,29.87,3.407,0,1061.6,,,
7,40,,,,,,,,,,,40,,,
8,3.5,3.5,,3,,0.43,1,,,,,BLANK,,,
9,,,,,,,,,,,,,,,
10,161.2,,,9.4,,,,2.82,,,,173.42,,,
11,35,,,6.378,,,1,1,,,,43.378,,,
13,364.03,,,46.52,,,,10.115,20.052,1.327,,442.042,,,
14,,,,,,,,,,,,,,,
15,44.567,,,20.252,,,,3.309,,,,68.128,,,
16,,,,,,,,,,,,,,,
17,,,,,,,,,,,,,,,
18,49.1,,,,,,,3.665,5.2,1.372,,59.337,,,
19,637.505,3.61,,44.162,,,1,28.836,55.99,6.541,,777.644,,,
20,14.27,,,,,,,,,,,14.27,,,
21,173.52,,,18.66,,,2,3.97,,,,198.15,,,
22,351.74,,,26.46,,,,6.886,3.87,,,388.956,,,
23,40,,,5.389,,,1,3.307,,,,57.721,,,
24,11.019,0,0,0.242,0,0,0,0.238,0,0,0,11.4999,,,
25,,,,,,,,,,,,,,,
26,131.501,,,,,,,10.02,26.78,,,168.301,,,
27,75,,,,,,0,2.96,,,,77.96,,,
28,67.563,,,,,,1,1.47,,,,70.033,,,
29,124,,,26.62,,,,3,,,,153.62,,,
30,14,,,,,,1,3,,,,18,,,
31,31,,,2.5,,,,1.289,,,,34.789,,,
32,238.227,,,2.216,,,1,10.686,1.91,0.164,,254.23,,,
33,,,,,,,,,,,,,,,
34,12,,,,,,1,2.613,,,,15.613,,,
35,25,37,,,,,,,,,11.803,73.803,,,
36,151,,,32.9,,,,6.712,,,,190.612,,,
37,,,,,30,,1,4.505,,,,35.505,,,
38,26.297,,,,,,,,,,,26.297,,,
39,39,,,,,,,,,,,39,,,
40,82.01,,,13.24,,,1,1.79,,,,98.04,,,
41,35,,,12.32,,,,4.315,,,,51.635,,,
42,,,,,,,,,,,,,,,
43,,,1.894,,,,1,,,,,2.894,70000,,
44,76.098,,,,,,,,,,,76.098,,,
45,677.663,,,46.664,,,1,30.966,,,,756.293,,,
46,53.6,,,2.09,,,1,3.23,,,,59.92,,,
48,410,0,0,38.28,0,0,1,2.712,21.331,4.072,,477.394,,,
49,96,,,,,,,1.88,,,,97.88,,,
50,304.918,,,18.3,,,2,3.5,,,,328.718,,,
52,41.87,,,6.62,,,,5.2,45.97,,,99.66,,,
53,408,4,,52,,,1,14.475,,,,482.1,,,
54,94.43,,,,15,,1,5.087,,1.853,,117.37,,,
55,,33,,8.575,,,1,3.995,,,,46.57,,,
56,222.75,4,,5.7,,,0,8.15,,,,240.6,,,
57,155.42,,,,,,,2.282,,,,BLANK,,,
58,29.803,,,7.168,,,1,5.654,,,,43.625,,,
59,184.308,,,21.332,,,1,12.36,,,1,BLANK,,,
60,53.708,,,,,,0,3.494,,,,57.202,,,
61,381.054,,,46,,,2,0,8.4,0.976,,438.43,,,
62,,,,,,,1,,,,13.987,BLANK,,,
63,73.75,,,46.25,,,,,,,,120,,,
64,7.5,,,,,,,1.947,,,,9.447,3440,,
65,8.66,,,,,,1,,,,,BLANK,4000,,
66,,,,,,,,,,,,,,,
68,228.458,,,40.8,,,,4.562,,,,272.458,,,
69,101,12,22,20,,,,0.188,1.2,0.326,,156.714,,,
70,350.26,6,,,,,,,,,,356.26,,,
71,,6.081,,,,,,,,,,BLANK,4056,,
72,86.4,,,,,,,9.049,,3.435,,98.884,,,
73,137,,,16.99,,,0,4.782,0.85,0.118,,159.74,,,
74,71.92,,,,,,,,,,,71.92,,,
75,,,,,,,,,,,,,,,
76,288.519,,,38.15,,,1,17.452,,,,345.121,,,
77,121.63,0,0,8.87,0,0,0,61.38,25.199,0.371,0,157.45,,,
78,188,,,8,,,,1.6,7.07,,,196.67,,,
79,155,,,,,,,,,,,155,,,
80,31.391,,,10.261,,,,,5.1,,,46.752,,,
81,36.548,,,1.3,,,,0.5,,,,38.348,,,
82,,,,,,,,,,,,,,,
84,,,,,,,,,,,,,,,
85,90.069,,,,,,,,,,,90.069,,,
86,169.542,,,0.43,,,,6.858,,,,176.83,,,
87,138.093,,,,,,,7.229,0,,,145.322,,,
88,39,,,,,,,,,,,BLANK,,,
89,61.01,,,,,,,,,,,61.01,,,
90,,,,,,,,,,,,,,,
92,17.6,,,31.218,,,0,1.25,,,,BLANK,,,
93,,,,,,,,,,,,,,,
94,862.678,,31.23,76.242,,,1,1148.579,13.16,6.24,,1048.607,,,
95,164.5,,,27.5,,,1,7,,,,200,,,
96,26.34,,,,,,,1.355,,,,27.695,,,
97,379.599,,,5.286,,,1,25.48,9.568,,,420.933,,,
98,73.07,,,,,,1,4.5,1.43,,,80,,,
99,,,,,,,,,,,,,,,
100,1.09,,,16.76,,,1,7.605,,,,26.455,,,
102,8.42,,,,,,,,,,,BLANK,5052,,
103,,,,,,,,,,,,,,,
104,3.6,,,8.809,,,1,3,,,,BLANK,,,
105,15.3,,,20,,,0,2,,,,37.3,,,
107,,,,,26.927,,1,,,,,27.927,,,
109,110.835,0,0,27.5,0,0,1,4.428,0,2.202,0,145.965,,,
110,94.8,,,,,,1,2.505,,,,98.305,,,
111,,,,,,,,,,,,,,,
112,88.47,,,14.37,,,,2.28,2.75,1.03,,108.9,,,
113,59.89,,10.9,16.97,,,,0.249,7.451,,,BLANK,,,
114,92,,,25.37,,,,,,,,117.37,,,
116,205.8,,,81.07,,,,,,,,286.87,,,
117,,144.138,,,,,,4.702,,,,148.84,,,
118,279.55,8,6,12.22,,,0,1.468,8.73,1.532,,317.5,,,
119,109.36,,6,,,,0,4.64,,,,BLANK,,,
120,42.955,,,7.42,,,,1.995,,,,52.37,,,
121,17.787,,,,,,2,2.9,,,,22.687,,,
122,94.35,,,17,,,1,4.49,,,,116.84,,,
123,63.73,,,14.96,,,,0.25,,,,BLANK,,,
124,52.34,,,,,,,26.56,,,,BLANK,,,
125,,,,,,,,,,,,,,,
126,36.77,,,,,,,3.23,,,,40,,,
127,165.74,,,2.18,,,,1.633,1.6,,,171.153,,,
128,,,,,,,,,,,,,,,
129,53.4,,,14.12,,,1,4.81,,,,73.33,,,
131,,,,,34.162,,,0.029,,,,34.191,,,
132,,8.5,40.3,,,,1,4.258,,,,54.058,,,
133,221.992,268.038,,54.2,,,4,17.47,0.43,2.19,,574.32,,,
134,73.75,,,,,,1,6,,,,80.75,,,
135,,26.31,,,,,,0.567,,,,26.877,,,
136,57.33,,,56.163,,,,,4.95,,,118.443,,,
137,87.38,,,,,,1,2.749,16.111,,,107.79,,,
138,94.7,,2.3,19.73,,,2,14.952,8.71,,,142.392,,,
139,21.839,,,,39.186,,1,6.139,,,1,69.164,,,
140,245.43,,,20,,,1,29.353,,,,295.783,,,
141,54.355,,,,,,,1.219,,,,55.574,,,
142,13.307,,,11.872,,,2,0.017,0.004,,,27.2,,,
143,55.029,,,5.7,,,,1.849,,,,62.578,,,
144,5,,,,,,,,,,,BLANK,2315,,
145,,,,,,,,,,,,,,,
146,89.52,,,9.09,,,,3.081,2.5,0.486,,104.677,,,
148,305,,,,,,1,11.658,,,,317.658,,,
149,30.7,,,,,,,2.21,,,,32.91,,,
151,,,,,,,,,,,,,,,
152,,,,,,,,,,,,,,,
153,,,,,,,,,,,,,,,
154,133.23,,,12.25,,,,4.16,,,,BLANK,,,
155,95,,,8,,,,,,,,103,30400,,
156,62.457,,,,,,,,,,,BLANK,,,
157,14.632,,,,,,0,1,,,,15.632,,,
158,16.923,0,0,0,0,0,0,1.067,0,0,0,17.99,,,
159,,,,,,,,,,,,,,,
160,141.14,,10.17,,,,1,9.16,,,,161.47,,,
161,118.056,0,0,19.123,0,0,0,0.125,0,0,0,140,,,
162,,,,,,,,,,,,,,,
163,,,,,15.83,,,,,,,BLANK,,,
164,70,,,21,,,1,5.88,,,,97.88,,,
165,,,,,,,,,,,,,,,
166,19.87,,2,,,,,10.979,,,,32.849,,,
167,135.81,,,9,,,2,5.54,,,,152.35,,,
168,96.5,,,,,,2,4.25,,,,102.75,,,
169,92.02,,,,,,,2.897,,,,BLANK,,,
170,52,,,,,,1,4.754,0.5,1.746,,60,,,
171,132.74,,,43.48,,,,4.11,9.7,,,190.03,,,
172,56.663,,,1.663,,,1,2.174,,,,61.5,,,
173,60,0,0,3,0,0,1,7.21,,,,71.21,,,
175,132,,,31,,,1,4,,,,168,,,
176,49.67,,,1.5,,,1,2,4.28,,,58.45,,,
179,261.229,0,0,7.067,0,0,1,6.486,0,0,0,275.582,,,
180,30,80,15,12,,,1,13.3,,,,151.3,,,
181,,,,,,,,,,,,,,,
182,1,,2.5,,,,1,2.329,,,,BLANK,540,294.15,
183,103.9,,8.28,,,,1,2.82,0,,,120,,,
184,15.951,,,,,,,0.42,,,,16.371,,,
185,59.395,,,,,,,,,,,59.395,,,
186,10.565,,,,,,1,1,,,,12.565,,,
187,59.511,,,,,,,,,,,BLANK,,,
188,38.66,,,,,,1,1,,,,40.66,,,
189,,,,,15,,1,4.835,,,,20.8355,,,
190,,40,,104.413,,,,,,,,144.413,,,
191,118.934,,,,,,,,,,,118.934,,,
192,,,,,,,,100,0,,,100,,,
193,36.73,,,,,,,0.438,,,2.879,40.047,,,
194,,,,,,,,,,,,,,,
195,,,,,,,,,,,,,,,
196,55.22,,,11.91,,,1,9.608,,,,77.78,,,
199,,,,,,,,,,,,,,,
200,5,,,25.218,,,,0.609,,,,30.827,2262,,
201,,,,,32.017,,,0.408,,,,32.425,,,
202,146.67,,,13.67,,,,1.24,,,,BLANK,,,
203,233,,,17,,,,,,,,250,,,
204,,,,,,,,,,,,,,,
205,73.73,,,3.34,,,1,1.93,,,,80,,,
206,73.3,,,,,,1,2.69,0,,,79.99,,,
207,,12.15,,,,,,4.207,,,,16.357,,,
208,,,,,,,,,,,,,,,
209,,,,,,,,,,,,,,,
210,28.974,,,,,,,,,,,BLANK,,,
211,,,,,54,,,,,,,54,,,
212,5,,,5.714,,,,0.5,,,,11.214,,,
213,124.8,,,,,,1,13.098,,,,138.898,,,
214,68.7,,,9.3,,,1,1,,,,80,,,
215,33,,,5.43,,,1,1,,0,,BLANK,,,
216,192.63,,,15.03,,,1,3.2,4.7,0,,215.83,,,
217,77.493,,,,,,,,,,,77.493,,,
218,47.7,,,11.202,,,,,,,,BLANK,,,
219,5,,,,,,,,,,,5,,,
220,79.809,,,15.653,,,,,3.31,,,98.772,,,
222,192.846,,,7.35,,,2,12.89,,,,215.086,,,
223,439.5,,,9.05,,,,8.967,,,,457.517,,,
224,108,,,20,,,1,7,,,,136,,,
225,175,,,12,,,1,3,,,,191,,,
226,57.12,,,,16.38,,1,4.86,,,,79.36,,,
227,,,,,,,,,,,,,,,
228,,,,,,,,,,,,,,,
229,87,,,1.71,,,1,0.02,3.45,,,95.486,,,
230,82.104,,,37.345,,,1,13.336,70.067,14.113,,227.861,,,
231,178.55,,,,,,,4.849,14.82,,,198.619,,,
232,,,,,,,,,,,,,,,
233,51.28,,,,,,,1.236,,0,,BLANK,,,
234,471,19,40,70,,,2,13,,,,BLANK,,,
235,168.63,0,0,49.79,0,0,2,8.22,0,0,0,228.64,,,
236,0,0,0,9.393,0,0,1,2.667,0,0,0,13.06,,,
237,173.65,0,0,3.54,0,0,2,5.935,1.15,0.52,0,187.475,,,
238,82.245,,,7.5,,,,6.212,,,,95.957,,,
239,104.25,,,,,,1,6.25,,,,111.5,,,
240,,30,,,,,,0.996,,,,30.996,,,
241,,,,,,,,,,,,,,,
242,46.507,,,,,,,,,,,46.507,,,
243,,,,,,,,,,,,,,,
244,38,0,0,0,0,0,1,2.058,0,0,0,41.058,,,
245,37.174,,,3.882,,,,3.013,2.1,,,46.169,,,
246,180,,,14.47,,,,,,,,194.467,,,
247,,,,,,,,,,,,,2357.19,,
248,1285.153,,,42.68,,,3,36.357,,,,1372.39,,,
249,129,,,7,,,0,2.53,0.43,,,138.96,,,
250,92.882,,,2.785,,,1,3.805,12.77,,3.266,116.508,,,
251,75.871,,,,,,,,,,,75.871,,,
252,23.5,,,,,,1,3.04,,,,27.54,,,
253,283.999,,,10.491,,,2,8.211,,,,304.701,,,
254,17.651,,,,,,,,,,,17.651,,,
255,134.981,,,,,,1,1,,,,BLANK,,,
256,28.999,,,,,,,2,,,,30.999,,,
257,70.781,,,6.705,,,,2.842,,,,80.328,,,
259,25.54,,,3.89,,,,,,,,29.43,,,
260,,,,,8.216,,,,,,,8.216,,,
261,71.6,,,,,,,4.947,,,,76.547,,,
262,,,,,,,,,,,,,,,
264,,,,,9.933,,,,,,,9.933,,,
265,60,,,,,,,,,,,60,,,
266,,,,15.6,,,,3.4,19,,,38,,,
267,14,,,,,,1,0.169,,,,BLANK,,,
268,30.699,,,,,,,3.47,,,,34.169,,,
269,262.881,,,8.216,,,2,,,,,273.097,,,
271,,,,,,,,,,,,,,,
272,,,,28,,,,,,,,28,,,
273,153.52,0,31.3,,,,1,14.18,,,,200,,,
274,74.67,,,,,,1,2.181,,,,80,,,
275,56.77,,,15.2,,,1,2.56,,,,75.53,,,
276,49,9,0,16,0,0,2,0.938,15.562,0,0,92.5,,,
277,67.376,,,,,,,0.5,,,,67.876,,,
278,28.51,,,,,,,,,,,28.51,,,
279,79,0,0,0,1,0,0,0,0,0,0,BLANK,,,
280,115.972,,,0.036,,,,2.8,,,,118.808,,,
281,,,,,,,,,,,,,,,
282,64.829,,,,,,1,1.5,,,,67.329,,,
283,101.03,,,6.39,,,,3.061,0,,,110.481,,,
284,7.66,,,,,,0,8.67,,,,16.33,,,
285,,,,,,,,,,,,,,,
286,16.436,,,,,,1,3.005,,,,20.441,,,
287,92.01,,,,,,1,6.912,6.078,,,111,,,
288,37.914,,,0.085,,,,1.001,,,,39,,,
289,74,,,9,,,0,4.3,,,,87.303,,,
290,73.69,,,,,,,,,,,73.69,,,
291,328.435,,,,53,,2,179.977,,,,392.853,,,
292,420,0,0,20,0,0,2,1,0,0,0,BLANK,,,
294,80,,,23.75,,,,,,,,103.75,,,
295,16.612,,,,,,,1,,,,17.612,,,
296,248.4,0,0,44.82,0,0,0,0.1,9.3,4.24,0,306.86,,,
297,123.8,,,10,,,,20.167,32.74,,,186.707,,,
298,170.55,,,16.324,,,,,,,,186.874,,,
299,28.144,,,,,,,,,,,28.144,,,
300,29.3,,,,,,,0.7,,,,30,,,
301,74.69,,,25.03,,,,2.89,,,,102.61,,,
302,,,,,,,,,,,,,,,
304,632.857,13.46,14,35.68,,,2,29.136,0.92,0.729,,724.782,,,
305,103.06,0,0,14.56,0,0,0,0.681,0,1.377,0,119.678,,,
306,,,,,,,,,,,,,,,
307,79.075,,,12.19,,,0,1.343,,0.819,,95.857,,,
308,71.984,,,,,,,6.345,,,,78.329,,,
309,21.43,0.75,,,,,1,0.73,4.6,,,31.65,,,
310,,,,,11,,1,6,,,,BLANK,,,
311,9.98,,,,,,,1.975,,,,11.955,,,
312,230.242,,,50.37,,,1,40.387,16.5,1.95,,302.489,,,
313,366.187,3.63,,55.312,,,0,46.097,7.5,1.385,,465.729,,,
314,876.933,,,116.55,,,1,19.419,4.3,15.275,,1059.477,,,
315,,,,,,37.033,1,1.967,,,,BLANK,,,
316,99.511,,,,,,,,,,,BLANK,,,
317,22.661,0,0,23.569,0,0,1,8.42,0,0,0,55.65,,,
318,93.35,,,,,,,,6.65,,,BLANK,,,
319,316.703,0,0,8,0,0,0,2.81,5.19,0,0,336.703,,,
320,185.16,10,2.5,64.6,,,1,181.918,2.67,0.036,2.66,278.038,,,
321,,,,,62.586,,1,7.815,,,,71.401,,,
322,,140,,10.75,,,,5.637,0.51,0.353,,157.25,,,
323,,,,,,,,,,,,60,,,
324,,,,8.502,,,1,1,,,,10.502,,,
325,126.364,,,,,,,,,,,126.364,,,
326,57,,,,,,2,0.629,,,,59.629,,,
327,4,,,,24.726,,,,,,,BLANK,,,
328,156.266,,,,,,,8.034,,,,164.3,,,
329,17.737,,,,,,,,,,,BLANK,,,
330,,,,,,,,,,,,,,,
331,9.219,,,2.14,,,1,1.77,1.14,,,15.269,,,
332,,17,,50,,,,0.04,79.91,0,,146.95,,,
333,,,,,,,,,,,,,,,
334,41.058,,,,,,,,,,,BLANK,,,
335,386.913,,,31.453,,,2,4.039,5.96,0.321,,430.996,,,
336,,,,,,,,,,,,,,,
337,37,0,0,23,0,0,0,0,0,0,0,60,,,
338,10.4,,,19.541,,,,,,,,29.941,,,
339,91.86,,,14.39,,,,6.4,,,,112.655,,,
340,,,,,,,1,0,,,,35,,,
341,120,,,10,,,,,,,,BLANK,,,
342,25.92,5,2,0.378,,,1,2.842,,,,37.14,,,
343,115,,,,,,2,2.21,,,,119.21,,,
344,61.922,,,11.769,,,1,2.12,,,,76.811,,,
345,,,,,,,,,,,,,,,
346,55.091,,,,,,,1,,,,56.091,,,
347,,,,,,,,,,,,,,,
348,78,,,,,,,1.127,,,,79.127,,,
349,20,29,7,14,,,1,0.47,,,,71.47,,,
351,157.695,0,0,0,0,0,0,0,0,0,0,157.695,,,
352,96.18,,,1.12,,,1,2.243,,,,100.543,,,
353,97.277,,,,,,,,,,,97.277,,,
354,32.21,,,2.806,,,,,,,,35.016,,,
355,,,,,,,,,,,,,,,
356,260,,,16,,,0,1.737,,,,BLANK,,,
357,30.714,,,2.197,,,,2.026,,,,34.937,,,
358,70,,,5.956,,,0,1,,,3.129,80.085,,,
359,188,,,2.76,,,1,2.792,3.53,0.438,,207.5,,,
360,43,,,,,,,,,,,BLANK,6780,,
361,84,,,6,,,1,,,,,BLANK,,,
362,8.913,,,,,,,,,,,8.913,3788.03,,
363,74.771,,,17.772,,,,0.603,14.7,4.066,,111.952,,,
365,60.07,0,0,18.53,0,0,0,1.4,0,0,0,80,,,
366,127,,,26,,,,4.145,,,,157.145,,,
367,,,36,,,,0,0.44,15.56,,,BLANK,,,
368,34.3,,,3,,,1,1.7,,,,40,,,
369,80.53,,,,,,,,,,60.66,141.19,,,
370,,,,,,,,,,,,,,,
371,76.206,,,46.398,,,1,6.664,,,,130.268,,,
372,49.17,,,12.39,,,,2.076,12.48,,,BLANK,,,
373,,,,,,,,,,,,,,,
374,115.01,,,25.864,,,,3.748,,,,144.622,,,
375,,,,,,,,,,,,,,,
376,112,,,,,,,,,,,BLANK,,,
377,14.643,,,12.68,,,,,,,0.909,28.232,,,
379,56.39,,,,,,0,5.055,,,,61.445,,,
380,164.531,,,0.151,,,0,6.462,,,,171.184,,,
381,,,,,,,,,,,,,,,
382,6.864,,,,,,,,,,,BLANK,3176.66,,
383,60,,,16,,,1,3,,,,80,,,
384,,,,,,,,,,,,,,,
385,68,,,8.5,,,1,2.5,,,,BLANK,,,
386,,,,,,,,,,,,,,,
387,9.15,,,,,,,6.216,,,,BLANK,5558,,
388,8.28,,,,,,,,,,,8.28,3840,,
389,,1.63,,3.816,,,1,10.638,10.46,0.367,,23.911,,,
390,61.358,,,9.83,,,1,2.365,,,,74.553,,,
391,61.74,0,0,9.6,0,0,0,1.884,3.42,0,0,76.644,,,
393,,,,,,,,,,,,,,,
394,,,,,,,,,,,,,,,
396,62.52,,14.1,20.79,,,,7.656,,,,105.284,,,
397,39.77,,,4.2,,,,,10.62,,,54.598,,,
398,27.98,,,,,,,2.1,,,,30.08,,,
399,179.68,,,,,,0,0.277,1.39,,,187.35,,,
400,201.54,,,41.35,,,1,4.25,,,10.87,259.01,,,
401,89,,,20,,,,4.477,,,,113.477,,,
402,0,35,15.71,,0,0,0,13,0,0,,63.71,,,
403,40.025,,,,,,,,,,,40.025,,,
404,23,,,1,,,1,2.592,,,,27.592,,,
405,20.2,0,0,5,0,0,0,0,0,0,0,26.2,,,
406,33,0,0,0,0,0,0,0.7,,0,,33.7,,,
408,,,,,,,,,,,,,,,
409,18,0,0,18.292,0,0,1,12.208,0,0,0,49.5,,,
411,390.888,,,,,,,,,,,390.888,,,
412,,,,,,,,,,,,,,,
413,110.1,,,16.348,,,,3.515,10.88,0.942,,141.845,,,
416,373.421,,,81.32,,,2,6.99,0,,,469.31,,,
417,5.027,,,,,,,,,,,BLANK,,,
418,19.37,,,12.048,,,,,23.18,,,BLANK,,,
419,270.357,,,53.54,,,1,15.906,,,,340.803,,,
420,25.43,,,13.6,,,,0.247,,,,39.277,,,
421,129.196,,,14.846,,,1,7.639,6.23,0.139,,160,,,
422,183.67,,,,16.88,,1,3.514,,,,BLANK,,,
423,12.5,,4.5,,,,2,3.767,,,,BLANK,,,
424,,,,,,,,,,,,,,,
425,90.89,,25,,,,0,34.714,,,,150.604,,,
426,62.42,,,19.45,,,,,,,,81.87,,,
427,49.428,0,0,0,0,0,0,0,0,0,0,BLANK,,,
429,133,0,0,5.23,0,0,1,2.48,0.84,,0,151.99,,,
430,,,,,,,,,,,,,,,
431,30,,,,,,1,1,,,,BLANK,,,
432,,94,,,,,,,,,,94,,,
433,114.82,,,3.2,,,1,8.98,,1,,129,,,
434,61.06,0,0,0,0,0,1,0,0,0,0,62.06,,,
436,53.37,,,,,,,0.655,,1.128,,55.153,,,
437,53.49,0.8,5,10,0,0,1,17.71,0,0,0,84,,,
438,77.7,,,9,,,1,2.3,,,,90,,,
439,15,5,5,17.967,,2,2,1,,,,47.967,,,
440,52,,3,19.36,,,1,1,,,,76.36,,,
441,80.47,,,24.649,,,,,4.65,,,BLANK,,,
442,3.5,,,,,,1,,,,1.1,BLANK,2838.71,6410.25,
443,288.839,,,,,,,,0.7,,,BLANK,,,
444,106.14,,,10.95,,,1,6.683,,,,124.773,,,
445,,,,,,,,,,,,,,,
446,199.57,,,45.712,,,,0.662,3.08,1.321,,251.665,,,
448,85.931,,,,,,,,,,,85.931,,,
449,24,,,,,,,,,,,24,,,
450,110.93,,,38.67,,,1,9.4,,,,160,,,
451,12,,,22.547,,,1,6,,,,41.547,,,
452,5.6,,,,12,,1,1.32,,,,BLANK,3225,,
453,50.947,0,0,5,0,0,1,1,0,0,0,57.947,16718.14,,
454,,,10,4,,,1,6,,,,BLANK,,,
455,124,,,50.33,,,1,4,,,,192.33,,,
456,55.11,,,23.918,,,,1.644,1.5,1.386,,83.558,,,
457,58,,,22.524,,,,7,,,,87.524,,,
458,8.619,,,,,,,,,,,8.619,4316.83,,
459,69.61,,,1.203,,,,5.237,0,,,76.05,,,
460,140.753,,,6.45,,,,,1.84,,,149.043,,,
461,23,,,1.036,,,,1,,,,25.036,,,
462,224,,,20.063,,,1,3.435,5.68,1.835,,268.063,,,
463,268.42,,,18,,,1,3.543,,,,296.51,,,
464,66,0,0,0,0,0,1,6.62,0,0,0,73.62,,,
465,,,,,,,,,4.77,,,BLANK,,,
466,,,,,,,,,,,,,,,
467,95,,5,8.3,,,1,5.356,,,,114.656,,,
468,,,,,,,,,,,,,,,
469,44.33,3.6,,31.98,,,0,8.964,,,,88.645,,,
470,6.4,,,14.3,,,1,1.2,,,,22.9,,,
471,71.685,,,,,,,2.5,,,,74.185,,,
472,,46.5,2.5,21.57,,,,1.47,,,,72.04,,,
474,333.976,,,,,,,,,,,333.976,,,
475,15,,,,,,1,4,,,,20,,,
476,75,,,14.43,,,,,0.7,,,90.13,,,
477,303.18,,,9,,,2,0.687,1.87,1.84,,330.597,,,
478,111.7,,3.5,,,,1,14.864,12.031,,,147.775,,,
479,69,,,5,,3,1,2,,,,80,,,
480,45,,,,32.685,,,,,,,77.685,,,
481,145.871,3,,34,,,,7.658,,,1.711,192.24,,,
482,66.61,,,9.21,,1,0,1.5,,,,78.32,,,
483,75.971,,,,,,1,3.029,,,,80,,,
484,4.121,,,,,,,,,,,4.121,800,,
485,30.08,0,0,2.45,0,0,1,0.148,3.3,0,0,42.12,,,
486,76.541,,,,,,,,,,,BLANK,,,
487,96.13,40,,,,,,,,,,136.13,,,
489,10,,,11.548,,,,,,,,21.548,,,
491,77.798,,,,,,,,,,,BLANK,,,
492,,10,,,,,,,,,,10,,,
493,29.76,,,,,,,2.273,,,,32.033,,,
494,37.18,,,,,,,1.36,,,,38.54,,,
495,,,,,,,,,,,,,,,
496,,,,,,,,,,,,,,,
497,78.44,,,,,,1,2.949,,,,82.389,,,
498,65.46,,,,,,,1.943,,,,67.403,,,
499,256.37,,,19.12,,,,3.575,,,,279.065,,,
500,134.1,,,,,,,,,,,134.1,,,
501,19.09,,,,,,,1.789,,,,BLANK,,,
502,53,,,14,,,1,12,,,,80,,,
503,35,,,,,,,1,,,,36,,,
504,77.8,,,,,,1,1.2,,,,80,,,
505,106.642,,,11.161,,,1,6.162,,,,124.965,,,
506,29.569,,,1.852,,,0,2.559,,,,33.98,,,
507,,3.1,,21.704,,,1,,,,,BLANK,,,
508,,,,,,,,,,,,,,,
509,,,,,,,,,,,,,,,
511,,,,,,,,,,,,,,,
512,63,,,15.52,,,,,1.48,,,80,,,
513,176.47,,,6.81,,,,8.313,,,,191.613,,,
514,,,,,,,,,,,,,,,
515,9,,,25.129,,,,1.67,,,,35.8,2599.2,,
516,87.4,,3,9.21,,,1,1,,,,101.61,,,
517,102.31,,,,,,,3.053,,,,BLANK,,,
518,0,0,0,0,0,0,1,4.865,34.6,1.535,0,BLANK,,,
519,,,,,,,,,,,,,,,
520,27.12,0,0,0,0,0,0,1.457,0,0.563,0,29.322,,,
521,427.76,,10,19.74,,,1,5.663,16.091,4.852,,495.605,,,
522,62.2,,,,,,,6.3,,1.072,,69.572,,,
523,,,,,,,,,,,,,,,
524,242.2,,,,,,,11.328,,1.54,,255.068,,,
525,60.33,,,10,,,1,2.169,0.96,0.764,,75.733,,,
526,,,,,,,,,,,,,,,
527,124.14,0,0,43.12,0,0,1,7.733,14.3,,,192.793,,,
528,76,,,,,,,,4,,,80,,,
529,197.591,,,38.167,,,1,8..217,,,,BLANK,,,
530,261,,,8,,,1,7.647,1.93,1.253,,280.34,,,
531,,56.92,,,,,,0.7,,,,57.62,,,
532,190.85,5,2,45.26,,,0,6.684,3.31,,,262.46,,,
533,110.6,,,14.242,,,,3.494,,,,128.336,,,
534,,20,50,5,,,1,4,,,,80,,,
535,44,,,15,,,1,11.854,,,,71.854,,,
536,71.07,,,,,,1,2.93,,,,75,,,
537,159.54,6,,19.49,,,1,0.871,0.931,2.47,,196.338,,,
538,106,,,7,,,1,4,,,,118,,,
539,83.31,0,0,7.92,0,0,1,0.455,3,0,0,97.535,,,
540,34.239,,,2.614,,,,0.919,,,,BLANK,,,
541,54,,,17.5,,,1,1.5,,,,74,,,
543,,7.5,,,,,1,0.081,,,,8.581,,,
544,10,,,,,,,,,,,BLANK,,,
545,202,,,89.9,,,,4,,,,295.9,,,
546,234.208,,,,,,,11.08,,,,245.288,,,
547,43.8,,5.2,8.1,,,,0.181,18.1,1.5,,76.881,,,
548,40,,,,,,1,6.084,,,,47.084,,,
549,50.39,,,28.98,,,,0.25,0,,,79.62,,,
550,239,0,0,13.5,0,0,1,12.2,0,0,0,265.7,,,
551,13.99,6,4.43,,,,,,,,,BLANK,,,
552,128.62,,,,,,1,2.965,2.001,,,137.586,,,
553,281,,,,,,0,5.557,8.301,,,302.858,,,
555,11,,,,,,,,,,,11,,,
556,,,,,,,,,,,,,,,
557,,,,,,,,,,,,,,,
558,6.469,,,1.695,,,,0.657,,,,8.821,,,
559,,,,,9,,,,,,,BLANK,,,
560,74.735,,,5.652,,,1,2.348,,,,83.735,,,
561,39.028,,,,,,1,4.79,,,,44.818,,,
563,158.55,,,21,,,1,43.45,,,,224,,,
564,62.873,,,,,,,3,,,,65.873,,,
565,6,,17.09,,17.718,1.49,1,0,6.66,,,51.958,,,
566,44.7,,,1.91,,,,2.39,0,,,49,,,
567,20.35,0,0,18.56,0,0,0,1.09,0,,0,40,,,
568,36.56,,,3.144,,,,,3.62,,,43.324,,,
569,11.5,,,19.13,,,1,7,19.3,,,BLANK,,,
570,80,,6,11,,,1,2,,,,100,,,
571,34,9.6,,,,,1,,,,,44.6,,,
572,20,,,13.254,,,,,,,,BLANK,,,
573,72.99,,,,,,,,,,,72.99,,,
574,55,50,,7,,,1,11,,,,110,,,
575,135.3,,,,,,,6.066,4.3,,,145.666,,,
576,132.406,,,,,,1,,,,,133.406,,,
577,28.18,,,18.665,,,,3,,,,49.845,,,
578,573.403,,,27.647,,,1,31.69,28.555,2.175,,664.245,,,
579,112.3,,,,,,1,1.89,,2.17,,120,,,
580,9.075,,,,10.938,,,0.374,,,,20.387,,,
581,,,,,,,,,,,,,,,
582,12.75,,,13,,,0,1,,,,BLANK,,,
583,,,,,,,,,,,,,,,
584,,,,,,,,,,,,,,,
585,19.548,,,,,,,0.453,,,,20.001,,,
586,294.985,,,23,,,2,6.992,,,,330.985,,,
587,223.787,,17,,,3,2,,,,,BLANK,,,
588,16,,,,,,,,,,,16,,,
590,231.847,,,27,,,,2.803,45.18,0.041,,306.871,,,
591,8.697,,,,,,1,0.303,,,,10,4413,,
592,65.63,,,0.793,,,,1.998,,,,68.421,,,
593,8,,,,,,1,3.833,,,,12.833,,,
594,137.18,,,15.28,,,2,5.55,9.99,,,170,,,
595,939.97,,,7.442,,,,26.755,,,,974.167,,,
596,6,,,,1.44,,1,7,0,,,11.44,,,
597,0,0,0,0,0,0,0,16.698,49.302,0,0,66,,,
598,112,,,6,,,1,11,,,,130,,,
599,108.173,,,,,,,5.271,4.61,,,BLANK,,,
600,37.651,,,,,,,1.439,0.91,,,40,,,
601,,69.72,,9.63,,,0,1.37,,,,80.72,,,
605,128.521,,16.24,5.985,,,1,5.564,2.46,0.335,,160.105,,,
606,112,,,19,,,1,7.657,,2.713,,142.37,,,
607,,,,,,,,,,,,,,,
608,148,,,,,,,3.86,,,,151.86,,,
609,14.346,,,,,,,,,,,14.346,,,
610,,62.3,,,13,,1,7.7,0,,,80,,,
611,,,,,,,,,,,,,,,
612,142.659,,,,,,,7.41,9.16,,,159.229,,,
613,35,,,,,,,,,,,35,,,
615,32.84,0,0.75,8.06,0,0,1,0.282,0,1.609,0,44.901,,,
616,43,,,,,,,,,,,BLANK,,,
617,,,,,,,,,,,,,,,
618,36,,,,,,,2.209,,,,38.209,,,
619,80,,,,,,,,,,,BLANK,,,
620,65,0,0,0,0,0,0,1.472,1.2,0,0,67.672,,,
621,,,,,,,,,,,,,,,
622,237.69,,,,,,,,,,,237.69,,,
623,306.7,,,,,,1,14.278,5.15,0.042,,327.17,,,
625,51.72,,,11.5,,,1,7.82,7.96,,,80,,,
626,41.317,,6.1,14,,,,,23.2,,,84.617,,,
627,195,,,22,,,1,13,,,,231,,,
628,118.09,,,3.207,,,0,3.41,,,,124.817,,,
629,164.002,,,,,,,,,,,BLANK,,,
630,,,,,,,,,,,,,,,
631,46,,,,,,1,16,,,,63,,,
632,5.98,,,,,,,0.91,,,,6.89,2529.6,,
633,,,,,,,,,,,,,,,
634,131.121,,,,,,2,1,,,,134.121,,,
635,291,,0,44.28,0,0,0,4,0,0,0,339.28,,,
636,54,,,39.3,,,0,4.3,,,,97.6,,,
637,213.867,,,5.45,,,2,1.47,5.9,,,227.887,,,
638,102.58,22.791,,22.25,,,1,4.28,,,,152.901,,,
639,59.81,,,4,,,1,2.27,2.92,,,70,,,
640,214.98,,,34,,,,7.069,,,,256.049,,,
641,40,,,4.5,,,0,3.864,,,,48.364,,,
642,100.2,,,,,,,3.468,0,,,103.668,,,
643,,,,,,,,,,,,,,,
644,36.911,,,,,,,1.299,,,,38.21,,,
645,58,,15.94,4,,,0,1,,,,BLANK,,,
646,,59.8,,14.07,,,,0.585,0.48,0.679,,75.614,,,
647,,,,,,,,,,,,,,,
648,119.05,,,8.03,,,,6.267,,,,133.347,,,
649,75.73,,,,,,,0.778,,,,76.508,,,
650,69.155,,,33.122,,,1,4.157,,,,107.434,,,
651,190.5,,,7,,,0,21.135,,0,,226.635,,,
652,46,,,4.9883,,,1,0.335,0.98,2.053,,55.571,,,
653,,,,,,,,,,,,,,,
654,125.61,,,,,,,,,,,BLANK,,,
655,60,,,59,,,1,,,,,120,,,
656,91,,,10,,,1,1.19,,,,103.19,,,
657,117.569,,,,,,,,,,,117.569,,,
658,,,,,25.285,,0,1,,,,26.285,,,
659,548.06,,,45.2,,,0,4.032,30.01,4.51,,646.172,,,
660,55.2313,,,,,,1,7.272,,,,63.503,,,
661,113.097,0,0,0,0,0,0,3.402,,,,116.499,,,
662,52.461,,,30.454,,,1,8.585,,,,92.5,,,
663,226.15,,,5.5,,,1,1.687,0.4,9.313,,244.05,,,
664,343.79,,,10.06,,,1,1.6,0.69,,,359.5,,,
665,6.53,,,,,,,0.976,,,,BLANK,4307.18,,
666,74.366,,,2.209,,,1,1.557,,,,79.132,,,
667,71.98,,,13.095,,,,6.631,,,,91.706,,,
668,81.79,,,,,,1,11.301,,,,83.499,,,
669,126.857,,,,,,,,,,,126.857,,,
670,192.692,,,41.56,,,2,9.248,,,,BLANK,,,
671,22,,,,,,,,,,,22,,,
673,100.92,,,,,,,14.72,,,,115.64,,,
674,303.44,,,,,,2,0.754,3.77,,,309.964,,,
675,104.92,,,12,,,1,4.98,,,,122.9,,,
676,13.703,,,,,,,4.674,,,,13.703,,,
677,186,,4,,,,,,,,,BLANK,,,
678,426.638,,,,,,,7,,,,433.638,,,
679,59.34,,,7,,,1,2.057,9.08,1.103,,80,,,
680,264.921,,,8.348,,,1,9.259,,,,283.528,,,
681,49.2,,,30,,,1,2.148,,,,82.368,,,
682,112.167,,,,,,,3.406,0,,,115.573,,,
683,97,,,,,,,,,,,97,,,
684,,,,29.154,,,,,2.1,,,31.254,,,
685,33.917,,,,,,,1.1,,,,35.017,,,
686,243.65,,,,,,1,0.8,0,,,BLANK,,,
687,35.19,,,,,,1,3.352,0.39,,,39.932,,,
688,73.076,,,,,,,0.946,,,,74.022,,,
689,38,,,4.5,,,0,5.5,,,,BLANK,,,
690,,,,,,,,,,,,,,,
691,,312.26,,46.188,,,2,4.638,8.221,9.792,,383.098,,,
692,12.96,,,,,,1,0.37,,,,14.33,,,
693,19.445,,,,,,,,,,,BLANK,,,
694,10.64,,,,,,,1.854,,,,12.494,,,
695,72,7,,,,,1,25,,,,77,,,
696,139.5,0,0,52.98,0,0,1,1,0,0,0,194.48,,,
698,54.586,,,,,,,4,,,,58.586,,,
699,,,,,11.547,,1,,,,,BLANK,,,
700,,,,,,,,,,,,,,,
701,602.88,,,19.04,,,,20.965,25.131,1.284,,668.829,,,
702,,,,,,,,,,,,,,,
703,134.46,,,12.36,,,,7.698,,2.379,,156.897,,,
704,70.255,,,,,,,,,,,BLANK,,,
705,,,,,,,,,,,,,,,
706,11,,,2.542,,,1,1,,,,BLANK,,,
707,120.94,,,20.09,,,1,2.71,,,,144.74,,,
708,7,3,2,,,,0,8,,,,20,,,
709,330.865,,,,119.5,,,334.32,,,,BLANK,,,
710,102.44,,,,,,,,,,,102.44,,,
711,26,,,6.057,,,,1,,,,33.057,,,
712,29,,,7.424,,,1,,,,,37.424,,,
713,179.23,,,16.63,,,,3.72,,,,199.58,,,
714,14.529,,,,,,,,,,,BLANK,,,
715,67.03,,,4,,,,,,,,71.03,,,
716,,,,,,,,,,,,,,,
717,37,,,3,,,,0.507,,,,40.507,,,
718,40.603,,,,,,,0.961,4.9,,,46.46,,,
719,,62,4,3.84,,,1,1.5,,,,BLANK,,,
720,32.06,,,3.74,,,0,0.714,2.51,0.908,,39.932,,,
721,29.706,0,0,11.843,0,0,1,3.946,0,0.241,0,46.736,,,
722,63.48,,,8.59,,,1,6.93,,,,80,,,
723,435.02,,,,,,1,4.51,,,,440.53,,,
724,123.571,0,0,26.641,0,0,1,10.412,,,,161.594,,,
725,145.91,,,13,,,1,8.854,,0.001,,168.765,,,
727,27.5,,,7.278,,,,2.824,,,,37.602,,,
728,,,,,,10,,,,,,BLANK,87500,,
729,70,,,5,,,1,2.05,1.95,,,80,,,
730,8.958,,,8.851,,,,3.187,,,,20.996,,,
731,281.38,,,,,,0,0.972,1.92,,,290.03,,,
732,,,,,,,,,,,,,,,
734,,,,,,,,,,,,,,,
735,84.23,,,4.98,,,,,,,,89.21,,,
737,55.93,,,,,,0,3,,,,58.3,,,
738,77.56,0,0,,0,0,1,11.323,0,0,0,89.883,,,
739,197.31,,,30.454,,,,3.66,0,,,231.424,,,
740,117,,,8.75,,,,0.85,,,,126.6,,,
741,70.325,,,10,,,,,,,,80.325,,,
742,,,,,,,,,,,,,,,
743,,,,,,,,,,,,,,,
744,130.84,,,,,,,0,5.08,0,,135.92,,,
745,115.25,,,5.62,,,,6.17,,,,127.04,,,
746,202,,,,,,,,,,,BLANK,,,
747,,,,,26,,1,3,,,,BLANK,,,
748,110,0,0,6,0,0,0,8,0,0,0,BLANK,,,
749,44,7,,,7,,1,18,,,,77,,,
750,52.516,,,,,,,,,,,52.516,,,
751,75.69,0,0,0,18.52,0,0,0.13,0,0,0,94.343,,,
752,71.77,4.5,,,,,,,,,,76.27,,,
753,209.23,,,17.4,,,1,0.5,,,,BLANK,,,
755,0,5,,2,,,1,0.337,1.61,1.053,,18,,,
757,90.22,,,,22.55,,,7.23,0,,,120,,,
758,101.53,,,,,,,0.35,,,,101.88,,,
759,118,22,,15,,,2,3,,,,160,,,
760,84.332,,,,,,,,,,,84.332,,,
761,0,0,0,16.26,,,1,9.556,63.072,,,BLANK,,,
762,8,,,3,,,,,,,,11,1543,,
763,54.475,,,,,,,1.069,,,,BLANK,,,
764,122.818,,,,,,,,,,,122.818,,,
765,72.4,,,23.504,,,,3.712,,,,99.616,,,
766,20.71,,,3.96,,,1,1.414,2.41,0,,BLANK,,,
767,5.5,,,18.4,,,,,,,,23.912,,,
769,198.3,,,,,,1,12.415,,,,211.715,,,
770,97.7,0,0,28.11,0,0,1,10.2,0,0,0,137.01,,,
771,138.5,,6.886,7.983,,,1,5.237,,,,159.606,,,
772,46.88,,,5.24,,,,4.064,0.3,,,56.484,,,
773,,,,17.71,,,,0.04,12.56,,,30.31,,,
774,13.46,,38.89,,87.81,,1,3.556,,8.364,,162,,,
775,16,,,31.06,,,,,8,,,BLANK,,,
776,,,,,,,,,,,,,,,
777,0,0,0,14,0,0,1,1.715,0,0,0,16.715,,,
778,217.15,,,18.869,,,,2.203,2.2,,,240.422,,,
780,24.52,,,,,,1,1.71,1.08,,,28.31,,,
781,,,,,13.6,,1,,,,,14.6,,,
782,125.146,,,15.179,,,1,,,,3.887,145.212,,,
783,27.14,,,7,,,,0.5,,,,BLANK,,,
784,,,,,,,,,,,,,,,
785,40,,,,,,,3.516,,,,BLANK,,,
786,151.56,,,,,,,,,,,BLANK,,,
787,30,,,30,,,,2.129,,,,62.129,,,
788,108,,,8.297,,,1,7,,,,124.297,,,
789,,,,,,,,,,,,,,,
790,,,,,,,,,,,,,,,
791,17,3,,17.1,,,1,1,,,,39.1,,,
792,145.69,,,4.72,,,,6.709,,,,157.119,,,
794,40,,,,,,,,,,,40,,,
795,,,,,,,,,,,,,,,
796,242.998,,,,,,,,,,,242.998,,,
797,170,0,0,38,0,0,1,5.691,0,0,0,214.691,,,
798,93.7,,,,,,,1.597,,,,95.297,,,
800,,,,,,,,,,,,,,,
801,34,,,2.412,,,,,,,,BLANK,,,
802,77.18,77.18,,,,,,231.513,,,,BLANK,,,
803,84,,0.359,,,,1,2.75,9.15,,,97.259,,,
804,12.989,,,,,,1,,,,,13.989,,,
805,,,,12.46,,,1,1.398,27.592,,,44.01,,,
806,,,,,,,,,,,,,,,
807,125,,,,,,,2.71,8.52,0.89,,137.12,,,
808,14.86,,,,,,,,,,,BLANK,,,
809,190.952,,,6.524,,,,6.247,,,,203.723,,,
810,160.5,,,37,,,1,0.19,,,,BLANK,,,
811,76.99,,,9.259,,,1,5.462,,,,92.711,,,
812,172.88,,,,,80,,10.965,,,,263.845,,,
813,56.449,,,,,,,0.864,,,,57.313,,,
814,105.957,,,16.65,,,,2.99,0,,,125.597,,,
816,120.066,,,4.544,,,,,,,,124.61,,,
817,333.82,,,34.907,,,0,18.277,,,,387.004,,,
818,73.211,,,33,,,,4.697,16.411,2.803,,BLANK,,,
819,120,,,20,,,1,13.641,2.5,0.407,,BLANK,,,
820,41,,,4.99,,,,0.577,,,,48.59,,,
821,116.44,,,,,,,3.191,,,,119.631,,,
822,218.62,,,,,,,,,,,218.62,,,
823,138.93,,4,14.428,,,1,6.339,,,,164.697,,,
824,18.81,,,,,,0,1.062,0.66,,,20.532,,,
825,46.33,,,,,,,,,,,46.33,,,
826,84.07,,,13.72,,,,2,,,,99.79,,,
827,134.9,,22.57,,,,,,,,,BLANK,,,
828,28.98,,,,,,,,,,,BLANK,,,
829,483.73,,,,,,,,,,,483.73,,,
830,310,,,,,,1,35.729,,,,341.75,,,
831,,,,21.27,,,,,,,,21.27,,,
832,62.118,,,,,,,,,,,62.118,,,
833,51.25,0,2.5,0,0,0,1,3.82,28.47,0.016,0,92.248,,,
834,68.26,,,5.31,,,,1.828,,,,75.398,,,
835,53.95,,,20,,,,2.145,,,,76.095,,,
836,,,,,,,,,,,,,,,
837,,,,,,,,,,,,,,,
838,,,,32.87,,,,5.57,29.26,0,,67.7,,,
839,,,,,30.963,,,,,,,BLANK,,,
840,,,,,,,,,,,,,,,
841,44.77,,,4.23,,,1,,,,,50,,,
842,2.793,,,,,,,,,,,2.793,0,,
843,31.89,,,,,,1,1.875,,,,34.765,,,
844,29.6,,,8.2,,,,2.2,,,,40,,,
845,62,,,7,,,1,2,,,,BLANK,,,
846,134.78,,,,,,0,9.35,,,,144.13,,,
847,,,,,,,,,,,,,,,
848,108.82,,,,,,3,4.022,,1.108,,BLANK,,,
849,,,,13,,,1,3.529,38.469,0,,60,,,
850,102,,,,21.54,,,,,,,123.54,,,
851,,,12.363,,,,1,,,,,BLANK,,,
852,390.159,0,0,10,0,0,0,0,0,0,0,400.159,,,
854,30.74,,,,,,,,,,,30.74,,,
855,19.3,,,8.556,,,,,1.7,,,BLANK,,,
856,,,,,,,,,,,,,,,
857,128.64,,,13.12,,,,5.73,2.06,,,149.557,,,
858,12.5,,,,,,,0.5,,,,13,,,
859,86,,,40,,21.595,1,2,,,,150.595,,,
860,84.3,,,11.107,,,,,,,,95.407,,,
861,115.867,,5,16,,,,0.888,0,0.872,,139.317,,,
862,15.33,,,,,,1,6.731,,,,23.061,,,
863,12.5,,,,,,,,,,,BLANK,,,
864,8,,,,,,1,39.84,,,,48.84,2792,,
865,163.15,,,5.11,,,1,6.662,,,,175.932,,,
866,,,,,33.92,,,,,,,33.92,,,
867,285.623,,,5.377,,,,5.025,,,,296.025,,,
868,6,,10,,,,,1.704,,,,BLANK,,,
869,,,,20,,,1,0.42,9.84,,,40.762,,,
870,194.6,,,10.665,,,,93.15,,,,178.415,,,
871,986.048,,,86.263,,,2,1.681,0,3.883,,1087.675,,,
872,149.07,12.6,,22.93,,,1,4.4,,,,190,,,
873,64.662,,,,,,,0.92,,,,65.582,,,
874,73.138,,,2.03,,,,2.517,0.88,,,78.565,,,
875,,,,,,,,,,,,,,,
876,189,,1.5,23.284,,,1,7.5,,,,222.284,,,
877,,,,,,,,,,,,,,,
878,131.22,,,26.55,,,,2.23,,,,160,,,
881,40,9,10,15,,,1,5,,,,80,,,
882,182,,,18,,,1,13.919,,,,214.874,,,
883,12.963,,,,,,,2.046,0,,,BLANK,,,
884,71.69,,,57.808,,,1,1.855,,,,132.353,,,
885,301.48,,,56,,,,12.984,0.64,2.033,,373.14,,,
886,119,,,27,,,1,12.85,18.32,0.632,,182.802,,,
887,78.5,80,0,0,0,0,1,240.5,0,0,0,80,,,
888,74.188,,,0.912,,,1,3.9,,,,80,,,
889,76,,,,,,1,1.22,,,,BLANK,,,
890,22.59,,,,,,,,,,,BLANK,,,
891,48.974,,,14.106,,,1,2.58,,,,66.66,,,
892,,,,,,,,,,,,,,,
893,18,,5.06,,,,,,,,,BLANK,,,
894,,68,3,22,,,1,4.4,,,,BLANK,,,
895,11.788,,,,,,,,,,,BLANK,,,
896,83.287,,,,,,,,,,,BLANK,,,
897,48,,,28.18,,,1,1.821,,,,79.001,,,
898,111.57,,,,,,,,0.79,,,112.75,,,
899,30.41,,,5,20.75,,,,9.85,,,66.015,,,
900,59.028,,,14.034,,,,1.636,0,2.402,,77.1,,,
901,43,,,,,,,1.737,7.24,0.663,,52.64,,,
902,26.77,,,,,,,1.82,,,,BLANK,,,
903,28,,2,,,1.104,,,,,,31.104,,,
904,47.513,,,,,,1,2,0,,,BLANK,,,
905,88.01,,,,,,,,,,,BLANK,,,
906,39.4,0,0,0,0,0,0,0.6,0,0,0,40,,,
907,12.781,,,,,,,,,,,12.781,,,
908,28,,,,,,1,,,,,29,,,
909,75.641,,,,,,0,1.492,,,,77.133,,,
910,62.5,,,15,,,1,1.5,,,,80,,,
911,25,,,,,,,,,,,BLANK,,,
912,,,,,,,,,,,,,,,
913,,,,,,,,,,,,,,,
915,6,8,4.5,,,,0,2,,,,20.5,,,
916,59.3,,,,10.9,,,4.3,,0,,74.5,,,
917,50,,,,,,,,,,,50,,,
918,62.287,,,6.77,,,,,,,,69.057,,,
919,,90.58,,,22.55,,1,10.22,0,,,120.062,,,
920,13.396738,,,5.593586,,,,0.91567,,,,19.906,,,
922,,,,,,,1,19.153,,0,,BLANK,,,
923,237.5,,,4.1,,,,10.017,3.49,0.422,,255.239,,,
924,75.8,,,,,,,1.45,7.86,,,85.11,,,
925,64,,,,,,1,5.776,,,,70.776,,,
926,93.045,,,,,,,,,,,BLANK,,,
927,8.2,,,,,4.092,,,,,,BLANK,4100,,
928,50.591,,,,,,,,,,,BLANK,,,
929,64.94,,,,,,,,,,,64.94,,,
930,39,,,,,,,1,,,,40,,,
931,44.851,,,,,,,,,,,BLANK,,,
932,20.001,,,,,,,,,,,BLANK,,,
934,47.96,,,,,,1,1.77,,,,50.73,,,
935,74.354,,,,,,,3.701,,,,78.055,,,
936,33.14,,,,,,,0.86,,,,34,,,
937,170.753,,,,,,1,6.927,,,,178.68,,,
938,,87.54,,,22.91,,,2.1,5.11,,,117.66,,,
939,,,,,,,,,,,,,,,
940,461.8,,,21.34,,,1,24.971,2.2,2.953,,516.403,,,
941,242.45,,,2,,1,,3.53,,0,,248.98,,,
942,13.7,,,40.806,,,1,,,,,55.506,,,
943,223.37,,,51.998,,,0,2.167,0,,,286.537,,,
944,56.769,,,6.6,,,,,,,,63.369,,,
946,,,,,,,,,,,,,,,
947,121.329,,,,,,1,4.531,,,,BLANK,,,
948,35.7,,,3.3,,,,1.002,,,,40.002,,,
949,13.6,,,,,,0,1.2,,,,BLANK,,,
950,77.2,,,,,,,,,,,77.2,,,
952,135.47,,,56.507,,,1,9.797,,,,202.774,,,
953,103,,,26.118,,,0,0.5,,,,129.618,,,
954,4.12,,,,,,,0.64,1.87,,,6.63,319,1566.26,800
955,140,,,14.039,,,1,2.6,,,,157.639,,,
956,156.636,,,,,,,,,,,156.636,,,
957,100.265,,,12,,,,,,,,BLANK,,,
958,132.6,,,44.737,,,,1.825,,,,179.162,,,
959,210.326,,,,,,1,,,,,211.326,,,
960,60,,,8,,,1,11,,,,80,,,
961,10,,,,,0.5,,,,,,10.5,,,
962,,,,,,,,,,,,,,,
963,,,,,,,,,,,,,,,
964,,,,,,,,,,,,BLANK,,,
965,171.86,,,18.7,,,,3.469,0.71,,,194.739,,,
966,,,,,,,,,,,,,,,
967,,,10,,,,1,1,,,,BLANK,,,
969,147.8,,,7.4,,,,,,,,155.2,,,
970,,,,14.09,,,1,3,16.53,0,,BLANK,,,
971,98.25,9.8,,,,,1,7.58,5.02,,,121.65,,,
972,62,0,0,10,0,0,1,1.49,5.51,0,0,80,,,
973,15.24,,,,,,,1.413,,,,16.653,,,
974,,13.05,24.95,15.78,,,1,5.82,12.9,,,73.5,,,
975,20,,,,,,,4.99,,,,24.99,,,
976,23.9,,,10.349,,,1,2,,,,37.249,,,
977,167.72,,,41,,,,15.179,,,,223.899,,,
978,78,,,,,,,2,,,,80,,,
979,104,,,11,,,,1.85,,,,116.85,,,
980,60.29,,,,,,1,1.575,,,,62.865,,,
981,94.539,,,,,,,,,,,94.539,,,
982,244.06,,,23.61,,,1,13.336,0.982,0.724,,283.609,,,
983,,,,,,,,,,,,,,,
984,85,,1.3,2,,,,0.1,1.9,,,90.3,,,
985,88.4,,,4.2,,,,,,,3.215,95.815,,,
986,54.88,,,19.77,,,,0.7,2.13,1.26,,80,,,
987,36.031,,,,,,,,,,,BLANK,,,
988,57.24,,,,,,,7.19,4.23,,,68.66,,,
989,206.512,,,12.766,,,0,6.672,,,,225.95,,,
990,12.9,,,14.1,,,,,,,,27,,,
991,,,,,,,,,,,,,,,
992,112.13,,,34.61,,,,,,,,146.74,,,
993,65.975,,,10.781,,,,3.244,,,,80,,,
994,96.252,,,24.509,,,1,4.499,,,,126.26,,,
995,161.98,,,,,,,,,,,BLANK,,,
996,41.3,,,,,,,1.797,2.55,,,BLANK,,,
997,,,,,,,,,,,,,,,
999,171,,,,,,0,2.181,,,,173.181,,,
1000,70.529,,,15.801,,,0,4.686,,,,91.016,,,
1001,31.387,0,0,0,0,0,0,0,0,0,0,31.387,,,
1002,,,3.286,,,,,,,,,3.286,27591,,
1003,8.28,,,,,,,,,,,8.28,3487.95,,
1004,172.053,,5,6.696,,,2,5.081,1.8,0,,192.63,,,
1005,59.5,,,3.985,,,,,,,,63.485,,,
1006,4.047,,,5.03,,,,1.2,,,,10.277,,,
1007,146.96,,,6.041,,,,5.734,,1.638,,160.373,,,
1008,77.757,,,,,,,2,,,,79.757,,,
1009,76.41,0,0,0,0,0,0,2.37,0,0,0,78.78,,,
1010,,,,,,,,,,,,,,,
1011,184.35,,,38.371,,,2,13.213,,,,BLANK,,,
1012,32.48,,,4.2,,,1,2.32,,,,40,,,
1013,51.54,,,,,,,2.213,0,,,53.753,,,
1015,,,,,35.22,,1,5.2,26.5,,,67.92,,,
1016,7,,,2.75,,1,1,2,,,,13.75,,,
1017,126.8,,3,20,,,1,12.2,1.8,0.05,,152.85,,,
1018,99.5,,,,,,0,5.466,,,,104.966,,,
1019,105.5,,,,,,0,5.075,,,,110.575,,,
1020,,,,12.741,,,,,,,,12.741,,,
1021,61.2,,,2.084,,,1,4.8,,,,69.084,,,
1023,810.532,,,26.13,,,3,20.714,,,,860.376,,,
1024,15.224,,,,,,,,,,,15.224,,,
1025,,,,,,,,,,,,,,,
1026,,,,23.565,,,,0.03,53.47,,,77.065,,,
1027,26.98,,,,,,,,,,,26.98,,,
1028,156.3,,,5.69,,,1,6.59,,,,169.58,,,
1030,,,,,,,,,,,,,,,
1031,26.07,,,,,,1,1.158,,0.342,,28.57,,,
1032,129,20,15,28.774,,,,,,,,192.774,,,
1033,,,,,,,,,,,,,,,
1034,132.32,,,19.424,,,1,4.47,,,,BLANK,,,
1035,215.972,,,37.97,,,1,11.586,9.15,,,BLANK,,,
1036,0,0,0,0,34.9,0,0,0.5,5.1,0,0,40.5,,,
1037,36,0,0,3,0,0,1,0,0,0,0,40,,,
1038,76.4,,,,,,1,2.576,,,,79.976,,,
1039,135.42,,,33,,,,,3.6,,0.954,172.974,,,
1040,18.814,,,,,,,,,,,BLANK,,,
1041,113.74,,,47.71,,,,10.401,3.29,,,175.141,,,
1042,,,,,13,,,,,,,BLANK,,,
1043,324.3,,,37.787,,,,3.111,,1.819,,367.017,,,
1044,78.3,,,15.29,,,,,,,,93.59,,,
1045,12.68,,,,,,0,3.504,,,,16.184,,,
1046,82.89,,,7.42,,,,5.89,0,,,96.2,,,
1047,136.5,,,30,,,1,4.5,,,,BLANK,,,
1048,73.54,,,,,,,6.46,,,,80,,,
1049,12.39,,,,,,,3.083,,,,15.473,,,
1050,,,,,,,,,,,,,,,
1051,,66,,,,,,1.107,,,,67.107,,,
1052,131.141,,,,,,,,,,,131.141,,,
1053,,34.86,,12.61,,,1,6.82,0,,,51.29,,,
1054,85.33,,,8.16,,,1,1.609,0.62,0.691,,98,,,
1055,65.2,,,10.2,,,1,2.573,,,,78.973,,,
1056,178.66,,,13.708,,,1,4.95,,,,BLANK,,,
1057,91.912,,,22.283,,,,1.285,,,,115.48,,,
1058,68,,,12,,,,,,,,80,,,
1059,80,,,,,,,,,,,80,,,
1060,32.11,,,7.89,,,,,,,,40,,,
1061,111.1,,,,,,,5.4,,,,116.5,,,
1063,,,,,,,,,,,,,,,
1064,138.882,,,13.8,,,,3.018,,,,155.7,,,
1065,109.195,,,,,,,22,,,,131.195,,,
1066,21.851,,,,,,,,,,,BLANK,,,
1067,176,,,46.13,,,2,2.991,,0.009,,227.13,,,
1068,75,,,,,,,4.519,,,,79.519,43566.75,,
1069,111.299,,,1.2,,,,10.53,0,,,123.029,,,
1070,128.466,,,,,,,,,,,128.466,,,
1071,230.55,5.34,,,,,1,8.709,9.06,0.71,,264.369,,,
1072,89.44,0,11.21,62.164,0,0,0,2,0,0,0,164.814,,,
1074,157,,,35,,,1,1.759,,,,206,,,
1075,,,,,,,,,,,,,,,
1076,52,,,5.12,,,,,,,,57.12,,,
1077,,,,,,,,,,,,,,,
1078,58.5,,,,,,,1,,,,59.5,,,
1079,30.9,,,15,,,1,5.627,,,,52.527,,,
1080,,,,,,,,,,,,,,,
1081,72,,6,,,,1,1,,,,80,,,
1082,103.39,,,,,,,4.352,3.69,1.334,,112.766,,,
1083,,,,,23.425,,,,,,,23.425,,,
1084,52.186,,,,,,1,1.733,,,,54.919,,,
1085,18.5,0,0,8.075,0,0,0,1.734,0,0,0,28.309,,,
1086,,,,,,,,,,,,,,,
1087,387,13,,77.01,,,3,,,,,BLANK,,,
1088,,,,,,,,,,,,,,,
1089,191.988,,,,,,,,,,,BLANK,,,
1090,84.73,,,9.404,,,1,7.967,,,,103.101,,,
1091,112.946,0,0,39.714,0,0,1,4.259,,,,158.419,,,
1092,164.42,,,27.6,,,1,3.9,1.4,,,198.32,,,
1093,1047,,,110.334968,,,1,72.994,,,1.672385,1221.554,,,
1094,22.917,,,,,,,,,,,22.917,,,
1095,240,,,,,,,,,,,BLANK,,,
1096,83.947,,,8,,,1,9,,,,101.947,,,
1097,167.296,39.69,,,,,1,1.625,0,3.335,,BLANK,,,
1099,118.227,,,,,,,,,,,118.227,,,
1100,11.935,,,,,,,,,,,11.935,,,
1101,,22.646,,,,,,0.25,,,,22.896,,,
1102,14.786,,,,,,,,,,,14.786,,,
1103,86.109,,,,,,,,,,,86.109,,,
1104,162.3,,,,,,,7.242,,0.008,,169.55,,,
1105,65,,,,,,,2,,,,67,,,
1106,,,,,,,,,,,,,,,
1107,35.747,,,1.01,,,,1.104,,,,37.861,,,
1108,,,,,,,,,,,,,,,
1109,189.77,20,15,21.47,,,1,10.76,,,,258,12000,68838,
1110,247.46,,,45,,,2,2,,,,296.46,,,
1111,14.468,,,,,,,,,,,14.468,,,
1112,58.901,0,0,0.868,0,0,0,0,0,0,0,59.769,,,
1113,77.74,,,,,,,,,,,77.74,,,
1114,,,,,,,,,,,,,,,
1115,72.331,,,,,,1,2.484,7.81,0.059,,87.684,,,
1117,,65.78,,,,,,4.251,2.961,,,72.992,,,
1118,31,,,,,,,,,,,31,,,
1119,,,,,,,,,,,,,,,
1120,28.03,0,0,4.84,0,0,0,0.591,1.13,0.223,0,34.814,,,
1121,,,,,,,,,,,,,,,
1122,103,,,4,,,1,6.379,,,,114.379,,,
1123,84.364,,,18.419,,,,1.89,,,,104.673,,,
1124,49.886,0,0,0,0,0,0,0,0,0,0,BLANK,,,
1125,162.24,9.06,,,32.74,,1,14.234,,,,219.274,,,
1126,14.6,,,,,,,,,,,BLANK,,,
1127,17.686,,,,,,1,0.25,,,,18.936,,,
1128,189.261,,,41.36,,,,21.526,,5.88,,BLANK,,,
1129,18,,,,,,,,,,,BLANK,,,
1130,112.45,5.13,,,,,,0.449,,,,133.224,,,
1131,,,,,18.19,,,,,,,18.19,,,
1132,,,,,,,,,,,,,,,
1133,,,,,,,,,,,,,,,
1134,16.964,,2.77,7,,,1,1.2,,,,28.934,,,
1135,111.317,,,,,,0,9.967,,,,121.284,,,
1136,52,,,10.1,,,,2.332,9.458,,,73.89,,,
1137,70.437,,,,,,,,,,,70.437,,,
1138,56.474,,,,,,,6.02,2.98,,,BLANK,,,
1139,111.77,9,,60,,,1,6.919,7.97,0.311,,196.7,,,
1140,58,0,0,8,0,0,0,9.04,0,0,0,75.04,,,
1141,427.294,,,,,,,,,,,427.294,,,
1142,,,,,,,,,,,,,,,
1143,21.475,,,3.1,,,1,2.5,0,,,28.575,,,
1144,35.961,,,7,,,2,3,,,,47.961,,,
1145,,,,,,,,,,,,,,,
1146,,,,,,,,,,,,,,,
1147,,,,,,,,,,,,,,,
1148,187.474,,,20.86,,,,5.499,,4.737,,218.57,,,
1149,,,,,,,,,,,,BLANK,,,
1150,,78.92,,,,,,,,,,BLANK,,,
1151,87.836,,,11.8,,,,6.29,0,,,105.926,,,
1152,,,,,,,,,,,,,,,
1153,22.5,,,,,,1,0.23,,,,24.73,,,
1154,59.509,,,,,,,3.982,,,,63.491,,,
1155,,,,,,,,,,,,,,,
1156,123.758,,,,,,,,,,,123.758,,,
1157,25,,,,,,,0.2,,,,25.2,,,
1158,177.9,0,0,10,0,0,1,25.191,0,0,0,197.93,,,
1159,118.023,,,0.687,,,0,2.102,,3.624,,127.356,,,
1160,10.4,,,3.4,,,,,,,,13.8,,,
1161,284.11,,,,,,1,3.364,0.5,2.652,,295.126,,,
1162,406.59,8,,71.32,,,2,8.611,9.58,0.969,,516.193,,,
1163,,,,,,,,,,,,,,,
1164,58.99,,3.39,,10,,1,5.12,0,,,79.25,,,
1165,62.211,,,20.83,,,0,7.759,0,,,90.8,,,
1166,89.716,,,58.091,,,,5.995,,,,153.802,,,
1167,106.632,,,,,,,,,,,106.632,,,
1168,178.1,,,43.54,,,2,3.885,,,,227.525,,,
1169,66.07,,,,,,1,7.951,0,0.979,,80,,,
1170,333.41,,,13.79,,,2,62.532,,,,364.647,,,
1171,80.7,0,0,0,23.57,0,0,0.462,0,0,0,104.732,,,
1172,,,,,,,,,,,,,,,
1173,16.76,,,6.57,,,1,0.5,,,,24.83,,,
1174,93.4,,,,,,,,,,,93.4,2030.886,28915.36,6172.53
1175,152,0,0,17,0,0,0,13.853,11.67,0,0,194.523,,,
1176,269.15,,,,,,,,,,,BLANK,,,
1177,97.098,,,,,,,,,,,97.098,,,
1178,,,43.338,,,,,,,,,BLANK,,,
1179,103,,,17.5,,,0,1.56,0.5,2.182,,127.762,,,
1180,,,,,14,,,0.51,,,,BLANK,,,
1181,191.77,0,0,15.7,0,0,1,1.082,0,0,0,214.71,,,
1182,8,,,,,,1,1.26,,,,10.26,,,
1183,144,0,,6,,0,0,0.635,,,,150.635,,,
1184,58.3,,,13.7,,,1,2,,,,75,,,
1185,7.95,,,,,,,,,,,BLANK,,,
1186,60,,17,,,,1,2,,,,BLANK,,,
1187,115.928,,,10.869,,,,6,,7.521,,140.318,,,
1188,53,,,18,,,,2.001,,,,BLANK,,,
1189,70,,,,,,,6.52,,,,BLANK,42360,2640,
1190,228.87,,,6.26,,,,4.161,,,,239.291,,,
1191,51.274,,,,,,,,,,,51.274,,,
1192,,,,,,,,,,,,,,,
1193,15,,,10,,,,3,,,,BLANK,,,
1194,,,,,,,,,,,,,,,
1195,141.8,,,4.05,,,,,,,,145.85,,,
1196,232.83,,,,,,,4.437,,1.243,,238.51,,,
1197,280.133,,,,,,,,,,,280.133,,,
1198,,,,,,,,,,,,,,,
1199,,,,,,,,,,,,,,,
1200,83.306,,,12.947,,,,3.747,,,,100,,,
1201,,,,,,,,,,,,,,,
1202,84,0.86,,14,,,1,7.428,,,,107.288,,,
1203,43.942,,,6,,,1,0.75,,,,51.692,,,
1204,95.55,,,,,,,2.698,,2.203,,100.451,,,
1205,278.972,7,,,,,3,64.62,,,,BLANK,,,
1206,344.627,,,,,,1,11.56,2.44,,,362.627,,,
1207,69.99,,,,,,,0.957,,,,70.947,,,
1210,119.66,,,16.95,,,,9.818,,,,146.428,,,
1211,65,,,119.9,,,,,,,,184.9,,,
1212,54.13,,,27.9,,,1,6.97,,,,BLANK,,,
1213,25.795,,,,,,,,,,,BLANK,,,
1214,,,,33.71,,,,,,,104.81,BLANK,,,
1215,,,,,,,,,,,,,,,
1216,,,3.66,,,,0,1.002,,,,4.662,2565,,
1217,71.38,6,,14.62,,,1,0.01,4.8,,,100,,,
1218,99,0,0,19.3,,,1,5.082,,,,124.382,,,
1219,28,,,51.356,,,,,,,,79.356,,,
1220,58,,,5.243,,,1,6.356,24.4,,,94.999,,,
1221,117.83,,,,,,1,4.126,,,,122.956,,,
1222,22.694,,,15.696,,,1,0.61,,,,40,,,
1223,27.61,27,,11.64,,,1,5,,,,72.25,,,
1224,67,,,9,,,1,1.66,,,,78.66,,,
1225,39.373,,,,,,,,,,,39.373,,,
1226,75.81,,,1.46,,,0,6.86,4.59,,,88.72,,,
1227,53.305,,,,,,,0.708,,,,54.013,,,
1228,19.5,,,,,,0,3.338,,,,22.838,,,
1229,45.65,,,16.7,,,1,1.47,1.44,,,70,,,
1230,67,,,6.6,,,1,3.399,,,,BLANK,,,
1231,34.7,,,17.938,,,,,,,,BLANK,,,
1232,52.07,,,17.87,,,1,0.144,0,,,78.372,,,
1233,12.556,,,,,,,,,,,12.556,,,
1234,1.3,,,44.451,,,,5.9,,,,51.651,,,
1235,27.47,,,,,,,8.545,,,,36.015,,,
1237,158,,,,,,1,1,,,,160,,,
1238,42.91,,,6.17,,,,,,,,49.08,,,
1239,75.92,,,,,,1,6.38,,,,83.3,,,
1240,301.995,,,,122.205,,,114.265,19.499,16.969,,538.057,,,
1241,37.89,,45,8,,,1,6,,,,97.89,,,
1242,1.59,,,,,,,1.8,,,7.964,11.354,,,
1243,,,,,,,,,,,,,,,
1244,100.81,,,,,,,4.706,,,,105.516,,,
1245,2.638,,,,35,,,,,,,37.638,,,
1246,38,,,,,,,2,0,,,40,,,
1247,63,1,,8.8,,,1,6.2,,,,80,,,
1248,,,,,24,,,,,,,BLANK,,,
1249,130,,10,5,,,1,19.703,,,,BLANK,,,
1250,295,10,11,,38.07,,,,,,,354.07,,,
1251,120,,,32.335,,,1,5,1.46,,,159.795,,,
1252,,,,,,,,,,,,,,,
1253,325.921,,,42.716,,,,7.527,4.29,1.559,,382.013,,,
1254,57.55,,,14.023,,,,,,,,BLANK,,,
1255,65,15,,,,,,10,,,,90,,,
1256,41.93,,,,,,1,0,,,,41.93,,,
1257,50.28,,,4.868,,,,,,,,55.148,,,
1258,175,,,15,,,,6.219,,,,196.219,,,
1259,,,,,,,,,,,,,,,
1260,66.3,,,,,,1,4.213,,,,71.513,,,
1261,39,,,,,,,1,,,,40,,,
1262,51.8,,,8.075,,,1,7.601,,,,67.856,,,
1263,24.866,,,,,,1,1.071,,,,26.937,,,
1264,167.001,,16,,,,1,16.142,,,,BLANK,,,
1265,50.617,,,,,,,,,,,50.617,,,
1266,253.725,,,18.64,,,2,10.802,0.21,0.385,,296.682,,,
1267,,,,10.6,,,,,32.58,,,43.18,,,
1268,,,,,,,,,,,,,,,
1269,174.87,,,38.64,,,1,0.4,0,,,217.05,,,
1270,60,,,,30,,1,3.491,,,,94.91,,,
1271,56.52,,,,,,2,5.67,,,,64.19,,,
1273,9.82,,,3.36,,,,,,,,13.18,,,
1274,60,,,12,,,1,12.33,,,,85.33,,,
1275,37.16,,,7.36,,,1,0.558,0.418,1.022,,50,,,
1276,120.1,,,,,,1,2.381,,,,123.481,,,
1277,78.207,,,,,,,1.793,,,,80,,,
1278,203.48,0,0,18.22,0,0,1,14.743,0,1.194,0,239.737,,,
1279,,,,,,,,,,,,,,,
1281,,,,,,,,,,,,,,,
1282,30,,,2.778,,,1,7,,,,BLANK,,,
1283,122,,,,,,2,14,,,,138,,,
1284,44,,,23,,,1,5.96,4.04,,,78,,,
1285,128.55,,,,,,,,,,,BLANK,,,
1286,90.01,,4.4,,,,1,5.288,,,,100.698,,,
1287,,,,23.41,,,1,0.029,128.821,,,156,,,
1288,75.46,,,,,,,,,,,75.46,,,
1289,20,,,,,,1,1.3,,,,22.3,,,
1290,427.659,,,,,,,,64.32,,,491.979,,,
1291,,,,,,,,,,,,,,,
1292,160,0,0,10,0,0,1,14,0,0,0,185,,,
1293,23,,,,,,,,,,,23,,,
1294,293.18,,,,,,1,27.753,4.44,0.412,,305.025,,,
1295,,,,,,,,,,,,,,,
1296,179.63,,,18,,,1,2.742,,,,201.372,,,
1297,6.53,,,,,,,3.713,3.2,0.883,,BLANK,,,
1299,21.986,,,,,,,2.5,,,,24.486,,,
1300,380,,,22.965,,,1,20,,,,423.965,197482.5,65914.8,
1301,,,,,,,,,,,,,,,
1302,54.12,,,6.81,,,,0.74,,,,61.67,,,
1303,62.5,,,,,,,0.602,,,,BLANK,,,
1304,72,,,7,,,1,,,,,80,,,
1305,96.5,,,,,,,1.253,,1.435,,99.188,,,
1306,13.9,,,4.18,,,1,0.92,,,,20,,,
1307,430.434,,,43.118,,,,0.902,40.971,1.127,,525.588,,,
1308,175.55,,35,,,,,,,,,BLANK,,,
1309,124.554,,14.2,18.68,,,1,12.551,,,,170.985,,,
1310,53,,,11,,,1,1.91,,,,66.91,,,
1311,51.505,,,,,,,,8.6,,,60.105,,,
1312,95.42,,,,,,,,,,,BLANK,,,
1314,86.4,,,,,,,2.637,,,,89.037,,,
1315,147.62,,,29.6,,,,6.509,,2.08,,BLANK,,,
1316,30,,,,9,,,,,,,39,,,
1317,132.36,,,1.69,,,,0.839,,,,134.889,,,
1318,213.77,0,0,16.26,0,0.2,2,0.23,3.2,0,,249.14,,,
1319,52.84,0,0,7,0,0,0,4.16,0,0,0,64,,,
1320,,,,6.035,,,,80.618,0,,,86.31,,,
1321,40.5,,,,,,,,,,,40.5,,,
1322,,88.123,,,,,1,8.76,,,,97.883,,,
1323,22.06,,,,,,,0.507,,,,BLANK,,,
1324,164.4,,,19.1,,,1,2.782,,,,187.282,,,
1325,,,,,29.221,,,,,,,BLANK,,,
1326,,,,,,,,,,,,,,,
1327,72.785,,,,,,,,,,,BLANK,,,
1328,96.03,,,3.28,,,1,5.401,,,,105.711,,,
1329,,,,,,,,,,,,,,,
1331,64.54,,,7.421,,,1,4.6,,,9.8,87.361,,,
1333,,,,,,,,,,,,,,,
1334,,52,,16.5,,,,1.7,7.3,,,77.5,,,
1336,119.56,,,,,,,7.28,,,,126.84,,,
1337,83.297,,,,,,,0.27,3.3,,,BLANK,,,
1338,163.696,,,,,,,,,,,BLANK,,,
1339,,,,,,,,,,,,,,,
1341,,7,9,,,,,,,,,BLANK,,,
1342,,,,14.403,,,,,,,,14.403,,,
1343,77.604,0,0,0,0,0,0,2.931,0,0,0,80.535,,,
1344,,,,,,,,,,,,,,,
1345,,,,,,,,,,,,,,,
1346,32.67,0,0,0,0,0,0,1.261,0,0,0,33.931,,,
1347,,,,,,,,,,,,,,,
1348,141.33,,,,,,1,4.31,2.92,3.98,,154,,,
1349,118,,,8,,,,,,,,126,,,
1350,16.096,,,,,,,,,,,BLANK,,,
1351,139.664,,,,,,,1.87,,,,141.54,,,
1352,33.879,,,,,,,,,,,33.879,,,
1353,24.55,,,,,,,2.92,,,,27.47,,,
1354,463.01,0,0,35.41,0,0,0,20.113,1.75,9.277,0,529.56,,,
1355,26,,,,,,,,,,,BLANK,,,
1356,,,,29.04,,,,,30.8,,,59.84,,,
1357,8,,,8.68,,,,,,,,BLANK,1450,,
1358,,,,35.536,,,,,18.9,,,54.436,,,
1359,68.22,,,1.51,,,1,4.48,4.79,,,80,,,
1360,18.45,0,0,0,0,0,0,0,0,0,0,18.45,0,,
1361,,,16,4,,,,,,,,20,,,
1362,36.5,,,3.1,,,,142.985,1.35,0.884,,43.5,,,
1364,,309,,2,,,1,1.5,,,,313.5,,,
1365,72.89,,,20.4,,,1,1.3,,3.218,,98.808,,,
1366,,,,,,,,,,,,,,,
1368,94.81,,,,,,,5.815,,,,BLANK,,,
1369,160.726,,,,,,,,,,,160.726,,,
1370,,,,,,,,,,,,,,,
1371,19.114,,,,,,,0.08,0,,,19.194,,,
1372,38.042,,,,,,,1.639,,,,39.686,,,
1373,40,,,32.872,,,0,1,,,,73.872,,,
1374,91.36,,,4.79,,,,2.855,,,,99.005,,,
1375,382.74,,,,46.94,,,25.55,,,,455.23,,,
1376,63,0,0,10.532,0,0,1,1.227,1.97,0.231,0,79.49,,,
1377,79.769,,,8.645,,,1,2.152,,,,91.566,,,
1378,10,,,,,,1,5.254,,,,16.254,,,
1379,150,,,10.42,,,0,17.15,,,,177.57,,,
1380,48.37,,,16.68,,,1,4.69,,,,70.74,,,
1381,54,0,0,3,0,0,1,1.3,0,0,0,BLANK,,,
1382,,,,38.81,,,,,,,1,39.81,,,
1383,,,,,,,,,,,,,,,
1384,21.589,,,,,,,,,,,21.589,,,
1385,30.88,,,,,,,,,,,30.88,,,
1386,,,,29.682,,2.776,1,2.092,,,,35.55,,,
1387,115.17,,,,,,,0.97,,,,116.14,,,
1388,14.91,,,,,,,0.414,2.66,,,17.984,,,
1389,89.14,25,,23,,,0,2.768,9.02,0,,154.248,,,
1390,41.351,,,,,,,0.949,,,,42.3,,,
1391,25.53,,,,,,1,0.472,0.9,,,27.902,,,
1392,57.635,,,7.61,,,0,2.96,,,,68.205,,,
1393,36.785,,,,,,1,0.965,,,,38.75,,,
1394,,,,,,,,,,,,,,,
1395,36.31,,,,,,,2,,,,38.31,,,
1396,62.76,,,15.15,,,1,1.8,,,,80.71,,,
1397,35,,,5,,,,,,,,40,,,
1398,,,,4.38,,,,1.811,5.979,,5.768,17.938,,,
1399,,,,,,,1,2.25,33.75,,,37,,,
1400,47.24,,,,,,1,14.463,3.8,,,66.463,,,
1401,,,,,,,,,,,,,,,
1402,,17,,,50,,,,,,,BLANK,,,
1403,14.6,,,,,,,0.008,,,,14.608,,,
1404,200,,,22,,,1,2.048,,,,225.048,,,
1405,218.078,,,,,,,,,,,218.078,,,
1406,50.391,,,,,,,,,,,BLANK,,,
1407,113.993,,,,,,,,,,,113.993,,,
1408,43,,,16,,,,3.654,,,,62.654,,,
1409,109.09,,,,,,1,3.13,,,,113.22,,,
1411,42.64,,,4,,,,3.321,,0.679,,50.64,,,
1412,18.81,,,7.447,,,1,1.055,,,,28.312,,,
1413,7.8,,,,,,,3.463,,,,11.263,,,
1414,13,,,,,,1,1,,,,BLANK,,,
1415,30,,,8,,,,,,,,BLANK,,,
1416,21.43,,,,,,1,2.213,,,,24.643,,,
1417,53.309,,,,,,,,0.55,,,53.859,,,
1418,349.06,,,,,,2,13.266,1.18,,,365.506,,,
1420,,,,,,,,,,,,,,,
1421,52.409,,,,,,,,1.45,,,53.859,,,
1422,,20.933,3,9,,,1,,,,,33.933,,,
1423,,,,,,,,,,,,,,,
1424,106.27,,,6.4,,,1,3.33,,,,117,,,
1425,36.46,,,,,,,,,,,BLANK,16882,,
1426,74.11,,,5,,,0,3.545,0.452,0.772,,99.975,,,
1427,,,,,,,,,,,,,,,
1428,180.25,,,23,,,1,1.58,,,,BLANK,,,
1429,102.07,,,,,,,3.95,,,,106.02,,,
1430,32,,,59.025,,,0,1,,,,92.025,,,
1431,50,,,7.571,,,,2.887,,,,64.594,,,
1432,148.65,,,8.49,,,1,29.56,,,,187.7,,,
1433,90.63,,,,,,,4.73,,,,95.36,,,
1434,108.87,,,,,,1,11.38,,,,121.25,,,
1435,,,,,20.618,,,,,,,20.618,,,
1436,,,,,,,,,,,,,,,
1437,,165.522,,,,,,5.521,,,,171.043,,,
1438,137.207,,,,,,,3.94,1.8,,,142.897,,,
1439,57.67,,,7,,,,0.009,0,3.574,,BLANK,,,
1440,40,,,,,,1,5,,,,BLANK,,,
1441,101.157,6,37,17.461,,,1,0.463,,,,163.081,,,
1442,,12,,3,,,,1,,,,BLANK,,,
1443,54.38,10,,7.2,,,1,5.99,,,,78.87,,,
1444,146,,,12,,,,,,,,158,,,
1445,,,2,,,0.22,1,2.57,,,,5.79,5775,,
1446,14.1,,,,,,,1.524,,,,15.624,,,
1447,125.8,,,14.87,,,1,6.29,6.52,0.38,,166.66,,,
1448,201.95,,,27.137,,,1,2.75,,,,232.837,,,
1449,,,,,,,,,,,,,,,
1451,195.046,,,3.664,,,1,7.799,,,,207.509,,,
1452,26.25,2.792,12.13,,,,1,1.881,37.67,0.119,,BLANK,,,
1453,161.85,,,,,,,33.39,,,,195.24,,,
1454,34.29,,,,,,,0.71,,,,BLANK,,,
1455,36.4,,,,,,,0.5,,,,36.9,,,
1456,45.76,,,,,,,,,,,45.76,,,
1457,,,,,,,,,,,,,,,
1458,492.016,,,20,,,,7.241,0.87,,,520.127,,,
1459,,,,,,,,,,,,,,,
1460,54,,,,,,,7.079,,,,61.079,,,
1461,82,,,,,,1,4.13,,,,87.13,,,
1462,23.49,,,,,,2,3.408,,,,28.898,,,
1463,52.35,,,,,,,16.15,,,,68.5,,,
1464,65.18,,,,,,,4.296,4.7,1.048,,75.224,,,
1465,66.12,,,,,,,,,,,66.12,,,
1466,,,,,,,,,,,,,,,
1467,288.67,,,37.01,,,2,33.009,,,,360.689,,,
1468,136,,,,,,,,,,,136,,,
1469,28.44,,,10.4,,,,3.69,,,,42.53,,,
1470,82,0,0,0,0,0,1,8.96,0,0,0,91.969,,,
1471,14,,,8,,,,,,,,22,,,
1472,18.702,,,,,,1,0.378,,,,20.08,,,
1474,82,,8,,,,,8.844,,0,,98.844,,,
1475,,,,,,,,,,,,,,,
1476,,,,,,,,,,,,,,,
1477,37.21,,,23.72,,,1,16.392,,,,78.322,,,
1478,151,,,16.093,,,1,4.5,,,,172.593,,,
1479,97.152,,,15,,,1,4.65,,,,BLANK,,,
1480,,87.27,,,,,,,,,,87.27,,,
1481,15,,,0.005,,,,,,,,15.005,,,
1482,,16.55,,,,,,,,,,BLANK,,,
1483,,,,,7.54,,,9.323,4.12,,,20.983,,,
1484,8,,,10,16.855,,1,5,,,,BLANK,,,
1485,388.511,,,13,,,,,,,,401.511,,,
1486,51.7,,21.96,,,,,1.19,5.15,,,80,,,
1487,69,,,,,,1,2.4,,,,72.4,,,
1488,64.378,,,,,,,,,,,BLANK,,,
1490,33.15,,,,,,,,,,,33.15,,,
1491,370,,,14,,,,10.24,,,,394.24,,,
1492,48.64,,,43.013,,,,7.3,,,,98.953,,,
1493,49,,,28,,,1,1.111,,0.468,,81.579,,,
1494,48.4,,,,,,1,,,,,49.4,,,
1495,19.13,,,,,,1,1.12,,,,21.253,,,
1496,60,,,28,,,,,,,,88,,,
1497,,,,9.391,18,,0,4.048,,,,31.439,,,
1498,,7.5,,,,,,,,,,BLANK,4800,,
1499,54.999,,0.66,1.55,,,,6.678,,0.322,,64.159,,,
1500,,110,,,,,1,5,,,,116,,,
1501,14.896,,,,,,,,,,,14.896,,,
1502,14,,,8.489,,,,0.809,,,,23.298,,,
1503,10,,,40,,,1,2,,,24,78,,,
1505,100.76,,,23.01,,,0,0.97,,0,,128.66,,,
1506,,,,,,,,,,,,,,,
1507,,,,,,17.622,1,2.778,3.6,,,25,,,
1508,74.512,,,,,,,,,,,BLANK,,,
1509,27.93,0.59,,3.93,,,0,1.106,3.67,0.674,,37.24,,,
1510,83.45,,,,,,,,,,,83.45,,,
1511,62.86,,,11.881,,,1,0.909,,,,76.65,,,
1512,129.117,,,0.475,,,1,,,,,139.25,,,
1513,3,,,16,,,,,,,,19,300,0,
1514,,,,,,,,,,,,,,,
1515,129.92,,,21.78,,,,,,,,151.7,,,
1516,225.682,,,58,,,1,6.465,,1.035,,302.182,,,
1517,7.14,,,,,,,,,,,BLANK,3297.77,,
1518,42,6,,,,,1,4,,,,53,,,
1519,155.95,0,1,24.74,,,1,5.33,,,,188.02,,,
1520,48,,,,,,,0.762,,1.979,,BLANK,,,
1521,74.21,,,,,,,,,,,74.21,,,
1523,312.156,,,,,,,,,,,BLANK,,,
1524,105,,,10,,,1,4,,,,120,,,
1525,18,25,,23.275,,,,,,,,66.275,,,
1526,98,,,,,,,,,,,98.394,,,
1527,48.68,,,,,,,1.103,,,,49.783,,,
1528,62.591,,,9,,,0,2.348,,3.152,,77.091,,,
1529,52.798,,,,,,,,,,,52.798,,,
1530,145.5,,,4.2,,,1,6.157,2.99,9.143,,167.5,,,
1531,33.87,,,4.014,,,,2.361,,,,40.752,,,
1532,50.067,,,4,,,1,0.04,4.93,,,62.487,,,
1533,155.56,,,9.59,,,1,9.1,6.48,0,,180.833,,,
1534,193.9,,,10,,,1,4.902,1.9,0.098,,211.9,,,
1535,,,,,,,,,,,,,,,
1536,105.362,,,,,,,,,,,105.362,,,
1537,110.3968,,,21.75,,,,,,,,BLANK,,,
1538,76,10,,19,,,1,14,,,,120,,,
1539,140,,,,,,,6.2,1,,,147.2,,,
1540,84.32,,,5.3,,,,5.79,0,,,95.414,,,
1541,32.53,,,5.69,,,,,,1.25,,39.47,,,
1542,908.947,,,21.24,,,4,10.927,,3.202,,957.396,,,
1543,,,,,35.579,,,,,,,35.579,,,
1545,,,,,,,,,,,,,,,
1546,7,,,3.82,,2.233,0.48,,,,,13.533,3132.5,,
1547,160,0,0,0,1,4,1,1,,,,BLANK,,,
1548,20,,,,,,,,,,,BLANK,,,
1549,87,,,41.6,,,1,12.2,,,,141.8,,,
1551,50,0,0,0,0,0,0,0,0,0,0,50,,,
1552,11.84,,,28.16,,,,,,,,40,,,
1553,89,8,57.2,,,0.5,1,3,,,0.5,159.2,,,
1554,39,,,,,,1,0,,,,40,,,
1555,,,5,,6.5,5,1,3.326,,,,BLANK,,,
1556,169.015,,,,,,,,,,,BLANK,,,
1558,51,,,10,,,1,3,,,,65,,,
1559,90.136,,,,,,,,,,,BLANK,,,
1560,,,,,,,,,,,,,,,
1561,15,,,4,,,,1.928,,3.085,,24.013,7733.9,,
1562,210.735,,,,5.925,,1,6.208,,,,223.868,,,
1563,123.727,,,2.298,,,1,6.651,,,,133.676,,,
1564,64.96,1.28,,20.67,,,1,2.57,,,,90.48,,,
1565,49.5,,,15.195,,,,,,,,BLANK,,,
1566,26.03,,,0.344,,,,1.318,14.02,,,BLANK,,,
1567,365.8,,,,,,,,,,,BLANK,,,
1568,118.99,,,,,,,1.694,1.8,,,122.484,,,
1569,,,,,,,,,,,,,,,
1570,11,,,,,,1,26.125,,,,38.125,,,
1571,234.9053,,,23.5,,,,15.684,,1.534,,275.623,,,
1572,85.33,,,68.02,,,,3.4,,,,156.75,,,
1573,94.03,,,6.87,,,2,2,15.25,,,120.15,,,
1574,107.842,,,,,,,,,,,BLANK,,,
1575,,,,,,,,,,,,,,,
1576,30,,,6,,,1,3,,,,40,,,
1577,185.95,,,,,,,2.713,,,,188.663,,,
1578,,,,,,,,,,,,,,,
1579,31,,,,,,0,4,,,8.448,43.448,,,
1580,64,,,,,,,,,,,64,,,
1581,,,,,,,,,,,,,,,
1582,38,,,,,,,2,,,,40,,,
1583,19.84,,,,,,1,2.637,4.51,0.619,,31.476,,,
1584,58.326,,,15.05,,,1,1.117,,3.537,,81.43,,,
1585,50.078,,,,,,,1.587,,2.335,,54,,,
1587,32.08,,,,,,,,,,,BLANK,,,
1588,76,,,,,,,,,,,76,,,
1589,77.517,,,,,,,122.167,,,,79.927,,,
1590,2,,1.5,,,,,,,,,BLANK,910,6500,
1591,290.78,,3,15,,,2,4,,,2,316.78,,,
1592,35,,,2.653,,,,2.347,,,,BLANK,,,
1593,,66.513,,8.353,,,,2.239,,,,77.105,,,
1594,75.743,,,3.316,,,,0.603,,,,79.662,,,
1595,74.225,,,,,,,,,,,74.225,,,
1597,5.986,,,,,,1,1.175,,,,BLANK,2244,,
1598,37.69,,,0.399,,,,0.608,1,0.223,,39.92,,,
1599,80,,,,,,,,,,,80,,,
1600,76.6,,,12.461,,,,1.169,,,,90.23,,,
1601,66.5,,,,,,,5.519,4.201,,,76.22,,,
1602,60.09,,,5,,,1,1.294,1.55,0.086,,74.08,,,
1603,35.233,,,0.457,,,,0.711,,,,36.401,,,
1604,,,,,,,,1.118,16.336,,,BLANK,,,
1605,,,,,,,,,,,,,,,
1606,68.24,,,,,,,2.94,1.92,3.221,,BLANK,,,
1607,20,,,,,,1,8,,,,BLANK,,,
1608,82.46,,,,,,,2.849,,1.16,,86.469,,,
1609,142.09,,,,,,,1.233,9.541,,,152.864,,,
1610,203.4,6,18.43,,,,2,5.29,,,,235.12,,,
1611,40,,,,,,,,,,,40,18337.46,,
1612,7.5,0,0,0,0,0,1,1.878,0,0,0,10.378,,,
1613,,,,,,,,,,,,,,,
1614,111.187,,,14.501,,,1,11.73,,1.287,17.685,157.39,,,
1615,,,,,21.731,,,,,,,21.731,,,
1616,4.5,4.5,0,0,0,0,1,1.008,0,0,0,11.008,,,
1617,27.58,,,9,,,,0.639,,,,37.219,,,
1618,50,,,6,,,,1.281,3.3,2.249,,59.53,,,
1619,30,,,,,,1,2.227,,,,33.227,,,
1620,39.949,,,,,,,,,,,BLANK,,,
1621,38.24,,,,,,1,0.68,,,,39.92,,,
1622,65.13,,,,,,1,13.87,,,,80,,,
1623,35.255,,,,,,,,,,,35.255,,,
1624,64.56,,,9.5,,,1,4.94,,,,80,,,
1625,439.585,,,48.317,,,1,16.894,21.481,2.12,,528.526,,,
1626,70,,,5,,,1,0.263,,,,80,,,
1627,10,,,29.874,,,,,,,,39.874,,,
1630,47,12,10,4,,,3,8.25,,,,84.25,,,
1632,109.5,,,,,,,2.159,,,,111.659,,,
1633,59.47,,,24,,,,,,,,83.47,,,
1634,61.916,,,8.812,,,0,5.712,,,,76.44,,,
1635,96.54,,,,,,,,,,,96.54,,,
1636,131.36,,,15,,,1,4.264,,3.214,,BLANK,,,
1637,64.352,,,,,,,,,,,64.352,,,
1638,23.902,,,,,,,,,,,23.902,,,
1639,,,,30.015,,,,,,,,BLANK,,,
1640,122.91,,,4,,,1,0.5,,,,128.41,,,
1641,48.72,6.89,,,,,1,23.39,,,,BLANK,,,
1642,106.62,8.062,,9.9,,,0,5.64,,,,BLANK,,,
1643,57.631,3.5,,,,,1,0.42,0.71,,,64.943,,,
1644,9,,,,,,1,0.287,,,,BLANK,,,
1645,70.202,,,19.58,,,1,4,,,,94.782,,,
1646,661.16,10,,178.02,,,,86.529,,,,935.709,,,
1647,71.57,,2.75,16.54,,,1,3.617,3.66,,,99.137,,,
1648,30.81,,,,,1.5,1,1,,,,34.31,,,
1649,41,13,,25,,,,19.146,,0,,98.146,,,
1650,30,,,50.734,,,,,,,,BLANK,,,
1651,45.39,,,,,,,1,,,,46.39,,,
1652,59.159,,,,,,,,,,,59.159,,,
1653,36.114,,,,,,1,1.142,,,,38.256,,,
1655,,,,,,,,,,,,,,,
1656,5,,,3.438,,,1,0.165,1.314,0.115,,11.138,2550,,
1657,85.853,,,68.57,,,,0.035,74.784,0.991,,230.233,,,
1658,28.26,,,10.192,,,,0.348,,,,38.8,,,
1659,318.694,,,7.203,,,2,6.922,10.071,,,353.438,,,
1660,54.927,,,6.5,,,1,6.218,,0.782,,69.927,,,
1661,114,,,39,,,0,3,,,,156,,,
1662,,,,,,,,,,,,,,,
1663,124.365,,,17.293,,,,6.532,6.38,,,154.21,,,
1664,54,,,,,,,1.37,,,,55.37,,,
1665,90,,,73.25,,,1,,,,,BLANK,,,
1666,65.55,,,,8.78,,1,4.67,,,,80,,,
1667,,,,,16.1,,0,0.045,0,,,17.629,,,
1668,,,,,,,,,,,,,,,
1669,172,,,,,,,2.349,1.93,,,176.279,,,
1670,123.5,,,,,,1,32.273,,,,156.773,,,
1671,20,,,13,,,1,0.09,0,0.91,,37,,,
1672,132.172,,,,,,,2.101,1.58,,,135.853,,,
1673,,,,,25.474,,,,,,,25.474,,,
1674,166.95,,,,,,1,0.47,,,,170.95,,,
1675,93.671,,,,,,,,,,,93.671,,,
1676,19.758,,,,,,,,,,,BLANK,,,
1677,203.79,,,,,,0,0.767,2.18,0.1,,215.637,,,
1678,44,,,,,,,0.138,,,,49.138,,,
1679,22.696,,,10.703,,,1,1.385,,,,35.784,,,
1680,66.452,,,0.356,,,,5.592,,,,72.4,,,
1681,117.99,,5.72,35.8,,,1,0.597,,,,161.107,,,
1682,13.6,,,,,,,1.9,,,,15.5,,,
1683,139.75,0,0,22.749,0,0,0,2.609,1.891,0,0,166.999,,,
1684,,35.49,,,,,,24.092,12.718,,,BLANK,,,
1686,56.161,,,,,,,,,,,BLANK,,,
1687,23,,,,,,,0.422,,,,BLANK,,,
1688,63.966,0,0,5.6,0,0,0,5.72,,,,75.286,,,
1689,47.729,,,25.484,,,,2.787,,,,76,,,
1690,60,4,10,,,,1,0.95,,,,BLANK,21857.38,12963.09,
1691,77.04,,9.66,10.38,,,1,7.283,6.05,,,111.413,,,
1692,,80,,,,,,2.196,0,0.438,,83.234,,,
1693,17.442,,,5.68,,,,,,,,BLANK,,,
1694,10,,,,,,,,,,,,,,
1695,16.783,,,,,,,0.81,,,,17.593,,,
1696,135.47,0,0,35.66,0,0,1,3.997,25.991,0.403,0,203.39,,,
1697,100,,,,,,,,,,,100,,,
1698,,22.41,,0.13,,,1,3.59,,,,40,,,
1699,32.186,,,,,,,2.5,,,,34.686,,,
1700,79.385,,,,,,,,,,,79.385,,,
1701,30,,,7,,,1,2,,,,40,,,
1704,24.17,,,,,,0,2.7,,,,26.87,,,
1705,,,,,,,,17.92,0,,,17.914,,,
1706,,,,10.37,17.6,,1,0.02,43.05,,,74.075,,,
1707,,1.77,,,,,1,1.88,2,,,6.65,885,,
1708,49.42,,,25.273,,,,2.6,,,,77.293,,,
1709,25.007,,3.719,,,,1,0.342,,,,30.068,,,
1710,80,,,14,0,0,1,6,0,0,0,BLANK,,,
1711,18.38,,,,,,,,,,,BLANK,,,
1712,,,,,10,,,,,,,BLANK,,,
1714,13.613,,,,,,,13.613,,,,27.226,,,
1715,,,,,,,,,,,,,,,
1716,33.042,,,,,,,,,,,BLANK,,,
1718,20,,,,,,,0.146,,,,20.146,,,
1719,55.5,,,9.256,,,,3.247,,,,68.003,,,
1720,0,0,0,0,0,49.33,0,0.5,1.3,0,0,47.53,,,
1721,104,,11.37,,,,,,,,,BLANK,,,
1722,44.9,,,,,,1,,,,,45.9,,,
1723,39.6,,,,,,,0.4,,,,40,,,
1724,,6.41,,35.83,,,1,3.42,33.34,,,80,,,
1726,113.49,0,0,0,0,0,1,2.065,2.5,0,0,119.055,,,
1727,96.23,,,,,,,4.828,,,,101.058,,,
1728,60.06,,,,,,1,17.448,,,,73.735,,,
1729,91.335,,,9.618,,,1,0.901,,,,102.854,,,
1730,,,,,,,,,,,,,,,
1731,32.389,,,,,,,1.039,3,0,,36.428,,,
1732,16.38,,,,,,,,,,,16.38,,,
1733,61.96,,,,,,,,,,,61.96,,,
1734,35.718,,,2,,,1,0.119,,0.281,,BLANK,,,
1735,143.64,,,,,,,3.222,,4.577,,BLANK,,,
1736,66.2,6.01,11.8,26.3,,,0,,,,,111.3,,,
1737,14.176,,,21.079,,,,3.745,,,,39,,,
1738,152,,,,,,2,8.917,,,,172.917,,,
1739,88,,,7.222,,,1,,,,,96.222,,,
1740,497.94,,,32.173,,,1,10,19.6,,,560.713,,,
1741,,,,,,,,,,,,,,,
1742,78,,0,20,0,0,1,11,0,0,0,110,,,
1743,,,,,,,,,,,,,,,
1744,,,,,,,,,,,,,,,
1745,,29.156,,,,,,,,,,29.156,,,
1746,97.85,,,,,,1,1.475,3,,,105.325,,,
1747,44,,,,,,,,,,,BLANK,,,
1748,18.954,,,,,,,1.916,,,,20.87,,,
1749,19.14,,,,,,,,,,,BLANK,,,
1750,55.076,,,1.234,,,,0.26,,,,56.57,,,
1752,,,35,,,,1,4,,,,BLANK,,,
1753,15.77,,,16.65,,,1,0.008,,0.412,,35.018,,,
1754,8,,,,,,1,0.795,,,,9.795,4936.3,,
1755,52.1,,,,,,0,1.61,,,,53.72,,,
1756,283,,,3.41,,,1,1.589,0,0.911,,295.659,,,
1757,83.51,,,3.52,,,,3.964,,,,90.994,,,
1759,,,,,,,,,,,,,,,
1760,,63,,6.635,,,,4.551,,,,74.186,,,
1762,30.31,,,6,,,,10.027,2.48,0.19,,49.007,,,
1763,,,,,,,,,,,,,,,
1764,48.07,,,20.25,,,,2.281,5.81,,,76.411,,,
1765,,,,,,,,,,,,,,,
1766,,,,,,,,,,,,,,,
1767,311.886,,,20,,,0,65.5,,,,317.386,,,
1768,153.48,,,7.701,,,,2.172,1.3,0.58,,165.233,,,
1769,,,,,51.977,,,,,,,BLANK,,,
1770,12,,,38,,,,,,,,20,1456.2,,
1771,105.642,,,,,,,,,,,105.642,,,
1772,,,,,,,,,,,,,,,
1773,48.407,,,,,,,0.931,,,,49.338,,,
1774,,,,,,,,,,,,,,,
1775,58,,,18.5,,,1,2.5,,,,80,,,
1776,,,,,,,,,,,,,,,
1777,42,21,4,9,,,1,3,,,,80,,,
1778,14.5,,,,,,,2,,,,16.5,,,
1779,75.5,,,,,,,2.5,,,,78,,,
1780,18.57,,,,,,,,,,,18.57,,,
1781,62.242,,6.5,13.931,,,1,3.964,11.3,,,98.937,,,
1783,211.479,,,41.42,,,,1.236,1.73,4.388,,260.253,,,
1784,119,,,10.93,,,,,,,,129.93,,,
1785,129.53,,,6.71,,,,,1.9,,,138.14,,,
1786,,,,,,,,4.752,9.32,,,BLANK,,,
1787,,,,,,,,,,,,,,,
1788,40,,,,,,,,,,,40,,,
1789,119,,15,,,,,0.285,,,,134.285,,,
1790,73.675,,,,,,,2.5,,,,BLANK,,,
1791,22,,,34.857,,,,0.7,,,,BLANK,,,
1792,121,,,38,,,1,,,,,160,,,
1793,71.5,,,15.62,,,,9.503,,,,96.623,,,
1794,,,,,,,,,,,,,,,
1795,,,,,16.25,,,,,,,16.25,,,
1796,54.9,,,17.12,,,1,1.4,2.5,,,78.98,,,
1797,19.32,,,5,,,0,0.127,4.58,1.573,,30.6,,,
1798,9.538,10,,41,,,1,1,,,,62.538,,,
1799,60.458,,,0.347,,,,3.366,,,,64.171,,,
1800,,,,,,,,,,,,,,,
1801,,,,,,,,,,,,,,,
1802,82.51,,,22.69,,,,0.267,,,,105.467,,,
1803,9.6,,,,,,,1.8,,,,11.4,,,
1804,136,,,16.94,,,1,2,3,,,158.94,,,
1806,153.38,,,,,,,5.351,,,,158.731,,,
1807,32,,,8,,,,,,,,40,,,
1808,155,,,10,,,,12.97,,,,177.97,,,
1809,53.035,,,,,,,,,,,53.035,,,
1810,13.47,,,10.009,,,1,10.381,,,,34.86,,,
1811,,,,,,,,,,,,,,,
1812,9.68,,,,,,,,,,,BLANK,1161.6,,
1813,21.63,,,,,,,,,,,BLANK,,,
1814,14.663,,,,,,,,,,,14.663,,,
1815,,,,1.16,,,1,0.59,11.29,,,15.45,,,
1816,7,,,,,,1,2.2,,,,10.2,3479,,
1817,62.312,,,8,,,1,2,0,,,78.112,,,
1818,71.8,,,3.63,,,,1.23,3.34,,,BLANK,,,
1819,,,,,,,,,,,,,,,
1820,67,,,30,,,1,0.361,,,,98.361,,,
1821,,,,,,,,,,,,,,,
1822,17,,,3.904,,,,,,,,20.904,,,
1823,195.976,,,,,,,,,,,BLANK,,,
1824,50.63,,,,,,1,4.665,,,,56.325,,,
1827,42.3,,,,,,,0.682,1.01,,,BLANK,,,
1828,,,,,,,,,,,,,,,
1829,22.59,,,,,,0,13.278,,,,35.868,,,
1831,168.503,264.292,,,,,1,12.532,,,,446.327,,,
1832,76.19,,,0.61,,,1,0.999,45.601,,,125.4,,,
1833,,,,,,,,,,,,,,,
1834,36.97,,,8,,,1,2.78,,,,48.75,,,
1835,44.6,,,,,,,,,,,BLANK,,,
1837,,43,,,,,,14.04,,,,57.04,3000,21000,
1838,32.69,,,,,,,0.645,2.6,0.128,,36.063,,,
1839,51.383,,,4,,,,2.026,,,,57.409,,,
1840,,,,,,,,,,,,,,,
1841,67.51,,,11.28,,,,1.21,,,,80,,,
1842,6.991,,,,,,,0.509,,,,7.5,4987,3488,
1843,65.376,0,0,0,0,0,0,0.767,0,0,0,66.143,,,
1845,164.5,18,0,10,,0,0,51,0,0,0,243.156,,,
1846,81.9,,,15.582,,,,,,,,97.482,,,
1847,13.86,,,,,,1,2.61,,,,17.47,,,
1848,36.774,,,,,,,,,,,BLANK,,,
1849,36,,,7.087,,,0,2,,,,45.087,,,
1850,47.39,,,8.41,,,,5.667,,,,61.467,,,
1851,18.29,,,,,,,,,,,18.29,,,
1852,,,,,19.906,,1,,,,,BLANK,,,
1853,,,,,,,,,,,,,,,
1854,248.51,,,29.59,,,2,1.27,6.2,,,289.57,,,
1855,99.032,,,9.79,,,0,1,,,,109.822,,,
1856,24.958,,,,,,,,,,,24.958,,,
1857,26.14,,,24.32,,,1,8.85,47.53,,,107.84,,,
1858,15,,,,,,,,,,,BLANK,,,
1859,261.16,0,27.4,24.44,,,1,5,,,,319,23100,35172,48972
1860,21.101,,,,,,0,0.635,0.38,1.843,,23.959,,,
1861,96.42,,,7.925,,,,1.484,,,,105.829,,,
1862,11,,,,,,1,,,,,12,,,
1863,10.83,,,6.56,,,,0.968,4.17,,,22.528,,,
1864,,,10.516,,,,0,1,,,,BLANK,,,
1865,,,,,,,,,,,,,,,
1866,66.31,,,,,,1,3.684,,,,70.994,,,
1867,7.448,,,,,,1,1.752,,,,10.2,3037.88,,
1868,66.64,,,15.19,,,1,22.714,5.6,6.496,,99,,,
1869,762.37,,,19.335,,,1,16.858,21.341,3.954,,820.854,,,
1871,,,,,,,,,,,,,,,
1872,222.256,,,,,,1,4.991,4.19,0.699,,240.347,,,
1873,56.158,,,9.1,,,,0.04,1.64,,,66.938,,,
1874,18.463,,,,,,,1.27,,,,BLANK,,,
1875,70.789,,,,,,,,,,,BLANK,,,
1876,36,,,,,,,,,,,BLANK,,,
1877,123.46,,,,,,,6.376,,,,129.836,,,
1878,49.1,,4,,27.575,,,,,,,BLANK,,,
1879,34.27,,,10.3,,,,1.76,3.1,,,49.43,,,
1880,104.58,,,,,,,2.217,,,,108.047,,,
1881,99.03,,,,11,,,12.664,7.44,,,130.134,,,
1882,50.7,,,2.09,,,,34.957,8.44,,,63.19,,,
1883,154.899,,,7.86,,,,,46.17,,,208.929,,,
1884,49.3,,,,,,,0.242,,,,49.542,,,
1885,37,,,,,,,,,,,BLANK,13969.35,,
1886,,,,,,,,,,,,,,,
1887,33,33,,13,,,1,,,,,80,,,
1888,233.97,,,4.6,,,1,4.094,2.48,0.249,,246.3936,,,
1889,41.153,,,,,,,0.164,2.3,0.51,,44.127,,,
1890,15.954,,,,,,,,,,,15.954,3912.72,,
1891,,,,,25,,,,,,,25,,,
1892,96.46,,,,,,1,2.54,,,,100,,,
1893,27.31,,,,,,,6.241,,,,33.551,,,
1894,127.967,,,10.817,,,1,0.03,,,,139.814,,,
1895,91.37,,,28.06,,,1,12.86,,,,133.29,,,
1896,100,,,5,,,0,8.607,,,,113.607,,,
1897,,,,,36.725,,,,,,,36.725,,,
1898,76.525,,,,,,,,,,,76.525,,,
1899,110,,,9.88,,,,,,,,119.88,,,
1900,44,,,,,,,0.224,,,,44.224,,,
1901,54,,,,,,1,0.155,1.12,,,56.275,,,
1902,81.624,,,,,,2,,,,,83.624,,,
1903,,,,,,,,,,,,,,,
1904,36.141,,,,35.42,13.54,1,1.19,,,,91.819,,,
1905,42.96,,,,,,,1.6,,,,44.56,,,
1906,137.34,,,16.93,,,2,3.73,,,,160,,,
1907,,33.005,,,,,,,,,,BLANK,,,
1908,,,,,,,,,,,,,,,
1909,30,,,,,,1,7.2,,,,38.2,,,
1910,262.32,,,38.84,,,1,11.922,22.08,0.918,,352.12,,,
1911,95.69,0,0,16.4,0,0,1,4.91,0,0,0,118,,,
1912,47.8,,,12,,,1,0.119,,1.881,,68.8,,,
1913,859.192,,,27.1,,,2,14.313,5.301,,,917.274,,,
1914,193.782,,,24.63,,,1,5.792,8.36,0.387,,233.951,,,
1915,211.41,0,0,21.63,0,0,1,10.33,0,0,0,244.37,,,
1916,70.06,2.59,,7,,,1,4.94,,,,85.59,,,
1917,57,6,1,13,,,1,2,,,,80,,,
1918,177.68,,,17.42,,,0,6.29,,,,201.39,,,
1919,,,,,,,,,,,,,,,
1920,,,,,,,,,,,,,,,
1921,,,,,,,,,,,,,,,
1922,,,,20.57,,,1,,8.9,,,BLANK,,,
1923,8.04,,,,,,1,1.25,,,,10.29,,,
1924,27.595,,,,,,,0.289,,,,27.884,,,
1925,28.268,,,0.3,,,,0.963,,,,29.531,,,
1926,79.091,,,,,,,,,,,79.091,,,
1927,29.046,,,,,,,,,,,29.046,,,
1928,93.308,,,,,,1,1.942,,,,96.25,,,
1929,51.533,,,,,,,,,,,51.533,,,
1930,57.8,,,13.95,,,,0.06,2.5,0.98,,75.29,,,
1931,75,,,,,,,,,,,75,,,
1932,,7,,,,,1,2,,,,BLANK,3218.25,2500,2500
1933,69,,,10,,,,1,,,,80,,,
1934,,,,,,,,,,,,,,,
1935,39.08,,,,,,,,,,,39.08,,,
1936,8.041,1.041,,,,,,,,,,9.082,,,
1937,515.09,,,55.63,,,0,5.602,,,,576.322,,,
1938,,60,,,72.589,,,1.5,0,,,134.089,,,
1939,33.063,,,,,,,1.582,,,,34.645,,,
1940,,,,12.399,,,,3.701,61.339,,,77.439,,,
1941,,55.244,,,,,,,,,,BLANK,,,
1942,,,,,,,,,,,,,,,
1944,231.31,10,18.86,17.43,0,0,1,47.291,0,0,0,325.891,,,
1945,230.36,,,,,,,,,,,230.36,,,
1946,17,,,,,,1,2.3,,,,BLANK,,,
1947,10.31,,,,,,,,,,,BLANK,,,
1949,26.99,,,1.35,,,,0.946,,,,BLANK,,,
1950,77.192,,,4.298,,,,2.113,,,,83.603,,,
1951,118.3,,,,,,,1.718,0.5,,,120.518,,,
1952,8.2,,,,,,1,0.8,,,,BLANK,,,
1953,36.1,,,,,,,2.72,,,,BLANK,,,
1954,25.47,,,13,,,,1.53,0,,,40,,,
1955,149.781,,,,,,,,,,,BLANK,,,
1956,49.472,,,22.1,,,1,3.8,,,,76.372,,,
1957,,,,,24.601,,,,,,,BLANK,,,
1958,235.26,,,17,,,2,10.271,,,,264.531,,,
1959,,,,,,,,,,,,,,,
1960,109.556,,,,,,,,,,,BLANK,,,
1961,169.26,,,,,,1,5.013,,,,175.273,,,
1962,,,3,,20,,,,,,,BLANK,,,
1963,55.54,,,17.913,,,,,2.33,,,75.756,,,
1964,,,,,,,,,,,,BLANK,,,
1965,225.72,,,22.44,,,1,13.994,14.56,4.839,,282.553,,,
1966,70,,,18.5,,,1,0.5,,,,BLANK,,,
1967,28,,,12,,,,,,,,BLANK,,,
1968,384.04,,,,,,3,3.945,105.703,0.237,,520,,,
1969,17,,,,,,,3,,,,20,,,
1970,365,,,20,,,2,6.998,,,,393.998,,,
1971,84,,,10,,,,0.32,,,,94.32,,,
1972,377.569,,,6.62,,36,1,13.48,,,,434.669,,,
1973,168.5,,,,,,,,,,,168.5,,,
1974,10,,,,,,0,4.34,,,,14.34,,,
1975,15.003,,,,,,,,,,,BLANK,,,
1976,138,6,,12,,,1,15.32,,,,172.32,,,
1977,32.94,,,10.5,,,1,6.234,,0.266,,46.94,,,
1979,91.2,,,19.3,,,1,1,,,,112.5,,,
1980,8.447,,,2.296,,,1,1.257,,,,13,582.4,2417.6,
1981,155,40.2,,,,,0,2.502,,,,BLANK,54721,10800,12337.75
1982,21.8,,,6.887,,,1,1.743,,,,31.43,,,
1983,88.27,,,25,,,,2.901,,,,116.171,,,
1984,135.676,,,18.603,,,1,6.345,0.16,0.054,,162.739,,,
1986,96.1,,,,,,,2.47,,,,98.57,,,
1987,62.29,,,23.36,,,1,,19.7,,,106.35,,,
1988,56.384,,,,,,,,,,,56.384,,,
1989,95.67,,,,,,0,13.1,11.23,,,120,,,
1990,,,,76.015,,,,,,,,BLANK,0,,
1993,109.62,,,,,,1,1.079,,,,111.699,,,
1994,24.199,,,,,,,1.45,,,,25.649,,,
1997,,,,,,,,,,,,,,,
1998,268.01,,,,19.52,,,10.923,8.3,0.463,,307.216,,,
2000,26.438,,,,,,1,3.198,,,,30.636,,,
2001,70,,,,,,,4.866,,,,74.866,,,
2002,417.561,,,17.486,,,2,6.281,,,,443.372,,,
2003,,,,,,,,,,,,,,,
2004,67.71,,,10.29,,,2,,,,,80,,,
2005,,,,,,,,,,,,,,,
2006,30.654,,,,,,,1.115,,,,31.769,,,
2007,280.061,10,0,21,0,0,0,22.4,0,0,0,333.461,,,
2008,,15,,20,,,1,4,,,,40,,,
2009,41.16,,,4.29,,,,3.9,,,,49.35,,,
2010,116.21,,,12.1,,,1,9.699,,0.699,,135.7,,,
2011,44.485,,,,,,,,,,,BLANK,,,
2012,183.88,,,,,,,,,,,183.88,,,
2013,32.64,,,,,,,,,,,32.64,,,
2014,34.685,,,7.056,,,1,1.5,,,,44.241,,,
2015,94.54,,,14.4,,,,4.997,,,,113.937,,,
2016,17.8,,,6.2,,,0,0.7,0,,,26.1,,,
2017,39.17,,,,,,,0.257,,,,39.427,,,
2018,,,,50.735,,,1,6.733,99.372,0.812,,158.65,,,
2019,85.99,0,0,9.285,0,0,0,3.585,0,0,0,98.86,,,
2020,177.67,,,6,,,1,2.612,,,,187.282,,,
2021,50.86,,,33.91,,,,8.59,,,34.024,124.384,,,
2022,19.291,,,,,,,,,,,BLANK,,,
2023,81.64,,,26.78,,,1,3.71,,,,113.13,,,
2024,36,,,,,,1,1,,,,38,,,
2025,4,,,,,,,,,,,BLANK,2789.1,,
2026,,,2.192,,12.586,,1,2.922,,,,BLANK,,,
2027,35.686,,,,,,0,1.099,0,0.831,,39.546,,,
2028,224,,,7.8,,,1,6,,,,BLANK,,,
2029,50.16,0,0,0,0,0,1,2.337,0,0,0,53.497,,,
2030,,,,,22.808,,,,,,,22.808,,,
2031,48.058,19.5,,,4.668,,0,4.918,,,,77.144,,,
2032,,75,,6.779,,,,2,,,,83.779,,,
2033,268.737,,,11,,,2,187.76,,,,283.737,,,
2034,,5.888,5.169,,,,,,,,,11.057,1120,1000,5734
2035,,,,,,,,,,,,,,,
2036,26,,,11.225,,,,,,,,37.225,,,
2037,72,,,,,,1,7,,,,BLANK,,,
2038,0,,237.79,0,0,0,2,,0,0,0,BLANK,,,
2039,46.16,,,,,,,,,,,BLANK,,,
2040,12,,6,,,,1,2,,,,21,,,
2041,,7.363,12,,,,1,5,,,,25.363,,,
2042,41.87,,,9.79,,,1,4.84,,,,53.5,,,
2043,16.62,,,17.698,,,,,0.93,,,35.248,,,
2044,58.72,,,24.4,,,1,3.88,,,,88,,,
2045,39.373,,,,,,,,,,,39.373,,,
2046,45.89,,,0.75,,,,2.63,1.3,,,50.57,,,
2047,,,,,,,,,,,,,,,
2048,10.9,,,,,,0,2.374,,,,13.274,,,
2049,57.637,,,,,,,2.064,,,,59.701,,,
2051,170.832,54.559,0,43.229,0,0,1,7.845,0,0,0,288.465,,,
2052,153.474,,,,,,,,,,,153.474,,,
2053,,,,,,,,,,,,,,,
2054,19.29,,,10,,,1,1.292,,,,31.582,,,
2055,,,,,,,,,,,,,,,
2056,110,,,,,,,6.255,,,,116.255,,,
2057,,,,,,,,,,,,,,,
2058,65,,,27,,,1,16.995,32.04,3.385,,152.9,,,
2059,43.51,,,13.46,,,1,1.561,,,,59.531,,,
2060,,,,,,,,,,,,,,,
2061,89.35,,,4.07,,,,4.471,,,,97.891,,,
2062,70.52,,,10.872,,,,,,,,BLANK,,,
2063,130,,,,,,,,,,,130,1131,2298,1121
2064,67,,,6.63,,,0,3,0,,0,76.63,,,
2066,91.36,,,,,,,7.476,,,,98.836,,,
2067,28.85,34.15,,4.412,,,,,,,,BLANK,,,
2068,230,,,43,,,1,14.321,,,,288.321,,,
2069,104.05,,,28.85,,,1,6.702,,,,140.602,,,
2070,74.546,,,,,,,,3.3,,,BLANK,,,
2071,27.389,,,14.821,,,,,,,3.876,46.086,,,
2072,143.43,,,,,,,,,,,143.43,,,
2073,,,,,,,,,,,,,,,
2074,44.74,,4.78,39.555,,,3,10.517,3.798,4.385,,108.775,,,
2075,,,,,,,,,,,,,,,
2076,74.31,,,,,,0,3.459,,,,77.769,,,
2078,26,,,,,,,,,,,BLANK,4004,,
2079,,,,,,,,,,,,,,,
2080,30,,,6,,,1,1,,,,38,,,
2081,2.281,0,0,11.864,0,0,0,0.7,0,0,0,14.215,,,
2082,128.04,0,0,12.72,0,0,2,5.471,0.82,1.639,0,150,,,
2083,76.5,,,,,,,,,,,76.5,,,
2085,51.73,,,,,,,4.61,,,,BLANK,,,
2086,102.92,,,,,,0,2.968,3.04,,,108.928,,,
2087,86,0,0,44.27,0,0,2,2,0,0,0,BLANK,,,
2088,116,,,16,,,1,0.46,,,,BLANK,,,
2089,52,,,,,,,8.747,,,,60.747,,,
2090,451.2,,,11,,,1,0.334,12.48,0.856,,481.91,,,
2091,27.2,,,17.5,,,,,,,,44.7,,,
2092,16.02,,,,,,,,,,,BLANK,,,
2093,24.168,,,,,,1,0.63,,,,25.798,,,
2094,56.972,,,38.46,,,1,5.285,5.56,0.715,,115.992,,,
2095,44.7,,,23.058,,,,,,,,BLANK,,,
2096,,,,,,,,2.462,13.599,,,16.061,,,
2097,147.8,,22,6,,,2,10.381,,,,188.181,,,
2098,41.81,,,,,,,,,,,BLANK,,,
2099,10.192,,,,,,,,,,,9.544,1500,,
2100,256.06,,,16.96,,,1,8.123,8.29,,,290.433,,,
2101,7.53,,,,,,,,,,,7.53,4743,,
2102,50.6,,,9.4,,,,,,,,60,,,
2103,90.661,,,38.318,,,1,3.671,,,,133.65,,,
2104,236.705,,,,,,,,,,,236.705,,,
2105,130,,,,70,,,,,,,200,,,
2106,72.21,,,,43,,,,,,,115.21,,,
2107,275.49,,,27.71,,,1,15.794,,,,319.994,,,
2108,74.55,,,,,,,4.45,,,,79,,,
2109,98.2,0,0,12.81,0,0,0,5.5,0,0,0,116.51,,,
2111,,,,,,,,,,,,BLANK,2572.5,,
2112,7.07,,3.097,6.477,,,,,,,,16.644,4650.9,3158.211,
2113,192.63,,,,,,,,,,,192.63,,,
2114,81.71,,,16.68,,,1,1.36,,,,BLANK,,,
2115,196.86,,,,,,1,10.864,38.3,,,247.024,,,
2116,273.848,,,8.84,,,,4.92,,0,,287.608,,,
2117,18.158,,,,,,,,,,,BLANK,,,
2118,,,,11.105,,,,,11.34,,,22.445,,,
2119,,0,0,17.081,0,0,0,0,0,0,0,BLANK,,,
2120,71.501,,,1.05,,,,0.449,,,,73,,,
2121,,,,,,,,,,,,,,,
2122,62.55,,,32.53,,,1,4.342,,,,100.422,,,
2123,242.85,,,66.29,,,,11.5,,,,320.64,,,
2124,269.15,19.67,15,27.896,,,2,18.542,,,,352.258,,,
2125,114.16,,,9,,,1,1.01,,,,125.17,,,
2126,1,,,,19,,,2.199,,,,22.199,,,
2127,19.425,,,,,,,,,,,19.425,,,
2128,11,,,,,,,0.138,,,,11.138,,,
2129,,,,,,,,,,,,,,,
2130,88.89,,,10.7,,,1,3.89,,,,104.48,,,
2131,38,,,3.308,,,,5.236,,,,46.544,,,
2132,78.54,,,,,,,1.46,,,,80,,,
2134,66.892,,,,,,3,7.322,,,,77.214,,,
2135,32.92,,,12.29,,,,1.39,,,,46.6,,,
2137,,,,,,,,,,,,,,,
2138,41,,,49,,,,60.753,,,,BLANK,,,
2139,318.227,,,16.89,,,1,9.23,,,,345.347,,,
2140,149.99,,,,,,1,4.801,,,,155.791,,,
2141,70.23,,,,,,,3.636,,,,73.866,,,
2142,33,,0.5,1.5,20,,1,5.109,0,0,,BLANK,,,
2143,87.5,,,,,,,2,,,,BLANK,,,
2145,,,,,,,,,,,,,,,
2146,,,,,,,,,,,,,,,
2147,119.61,,,,,,,,,,,BLANK,,,
2148,60.23,,,19,,,,0.5,,,,BLANK,,,
2150,642.7,,,10,,,4,23.66,,4.578,,713.538,,,
2151,60,,,12.46,,,,2.227,,,,74.677,,,
2152,,4,4.082,,,,1,,,,,9.082,,,
2153,28.92,,,,,,,0.93,,,,29.85,15107.4,,
2154,213.22,,1.1,30.46,,,1,13.029,9.85,0,,269.449,,,
2155,65.678,,,,,,1,8,,,,74.678,,,
2156,12.72,,,1,,,1,,,,,14.72,,,
2157,30.25,,,,,,,1.458,,,,31.708,,,
2158,59.03,,,45.335,,,,4,3.69,,,112.055,,,
2159,126.04,,,,,,,,1.9,,3.344,131.284,,,
2160,179.16,,,23.79,,,0,7.331,,,,210.281,,,
2161,68.9,,,9.6,,1,2,2,,,,83.5,,,
2162,,,,,15.713,,,2.945,,,,18.658,,,
2163,,,,,,,,,,,,,,,
2164,121.239,,,,,,,4.02,,,,125.259,,,
2165,,,,,,,,,,,,,,,
2166,107.11,,,,45.1,,,0.62,,,,BLANK,,,
2167,67.1,,,18,,,0,1.274,,,,86.374,,,
2168,112.46,,,,,,1,4.958,10.93,,,129.348,,,
2169,84.7,,,71.321,,,3,1.664,,,,160.685,,,
2170,81.249,,,0.183,,,,1.179,,,,82.611,,,
2171,0,6.438,0,0,0,0,0,9,11.159,0,0,26.598,,,
2172,69,,,4.498,,,1,4,,,,78.498,,,
2173,,,,,,,,,,,,,,,
2174,52.11,,,4.63,,,,0.26,,,,57,,,
2175,351,,,30,,,,12,,,,393,,,
2176,55.346,,,,,,,,,,,55.346,,,
2177,,,,,,,,,,,,,,,
2178,,16.015,,10.75,,,1,0.918,,,,28.683,,,
2179,32,2,,,,,1,5,,,,40,,,
2180,,,,,,,1,4,18.65,,,23.65,,,
2181,104.76,,,23.99,,,,0.216,,,,128.966,,,
2183,125,,,,,,2,2.992,,,,141.41,,,
2184,92.387,,,,,,,2.755,,,,95.142,,,
2185,11.95,,,8.157,,,1,0.183,,,,21.29,,,
2187,,,,,27.204,,,,,,,27.204,,,
2188,,,,,,,,,,,,,,,
2190,26.227,,,3.34,,,1,0.919,,,,31.486,,,
2191,,,,,,,,,,,,,,,
2192,,,,,,,,,,,,,,,
2193,99.445,,,3.914,,,,2.732,0,,,106.091,,,
2194,73.68,,,33.52,,,,1.027,7,2,,117.227,,,
2195,82.62,,,28.88,,,1,4.04,,,,116.54,,,
2196,68.548,4,0,,,,,2,,,,74.548,,,
2197,,5.948,,,,,1,0.39,,,,7.338,2900,,
2198,,4.73,,,,,0,3.35,,,,8.08,5184,,
2199,87.437,21,16.423,6,,,1,17.577,,,,149.437,,,
2200,177.08,,,2.34,,,,4.351,0.106,,,183.877,,,
2201,,,,,,,,,,,,,,,
2202,,,,,17,,,,,,3.62,20.62,,,
2203,,,,,,,,,,,,,,,
2204,38.7,,,,,,1,4.3,0,,,40,,,
2205,,,,,,,,,,,,,,,
2206,,52,,8,,,,9.144,3.1,,,72.244,,,
2207,26,0,0,8,0,0,1,5,0,0,0,40,,,
2208,16,,,,,,0,1.077,0.51,,,17.587,,,
2209,27.45,,,,,,1,11,,,,39.45,,,
2210,10,,,31.544,,,,,,,,41.544,,,
2211,40,2,,9,,,,2,,,,BLANK,,,
2212,82,,,16,,,0,0.833,,,,BLANK,,,
2213,,32.089,,,,,,,,,,32.089,,,
2214,130,,,30,,,,,,,,160,,,
2216,36.522,,,,,,,,,,,36.522,,,
2217,70.146,,,,,,,,,,,70.146,,,
2218,79.1,,,16.89,,,,4,,,,BLANK,,,
2219,70,,,,,,1,2.814,,,,73.814,,,
2220,74,,,36,,,1,1,,,,117.9996,,,
2221,93,,,55.88,,,,5.4,,,,154.28,,,
2222,6.2,,,,,,1,0.72,,,,7.92,,,
2223,,,,,,,,,,,,,,,
2224,,,,,,,,,,,,BLANK,,,
2225,,,,,,,,,,,,,,,
2226,146,,,,,,,6.091,,,,152.091,,,
2227,166.29,,,20.833,,,,2.639,5.4,1.428,,197.14,,,
2228,33.5,,,,,,,6.257,,,,39.757,,,
2229,15.5,,,,,,,,,,,15.5,,,
2230,,,,,,,,,,,,,,,
2231,500,,,7,,,1,11.6,5.19,0.34,,529.06,,,
2232,,,,,33.035,,,,,,,33.035,,,
2233,228.271,,,,,,,,7.99,,,236.261,,,
2234,100,,,,,,,,,,438.194,538.194,,,
2235,41.589,,,,,,,0.005,,,,BLANK,,,
2236,24.3,,,,,,,1.7,,,,26,,,
2237,26.944,,,8.076,,,1,3.655,0.8,,,40.475,,,
2238,62.329,,,15.607,,,,2.325,,,,80.261,,,
2240,154.63,,,,,,,1.902,0.42,,,156.952,,,
2241,69.8,,,,,,1,9.2,,,,80,,,
2242,32.159,,,,,,,,,,,32.159,,,
2243,118.55,,,42.002,,,1,3.544,18.1,1.256,,185.352,,,
2244,,,,2.5,,,,,,,2.5,5,,,
2245,10.72,7.992,,,,,,,2.71,0.42,,21.842,,,
2246,65.03,12,,,,,,0.75,,,,77.78,,,
2247,,7.468,,,8.5,,,0.354,,,,16.322,,,
2249,117.055,,,6.527,,,,1.468,,,,BLANK,,,
2251,,,,,,,,,,,,,,,
2253,59.968,,,,,,,2.511,,,,62.479,,,
2254,70,,,10,,,,1.074,,,,BLANK,,,
2255,,,,,,,,,,,,,,,
2256,87.04,,,8,,,1,7.146,,,,103.186,,,
2259,,10.01,,,,,1,,,,,BLANK,2000,,
2260,61.81,,,14.7,,,1,2.49,,,,80,,,
2261,17.66,,,,0.47,,,0.05,0.89,,,19.07,,,
2264,,,,,,,,,,,,,,,
2265,433.707,,,16.5,,,1,4.081,30.659,1.417,,483.368,,,
2266,32.631,,,3.712,,,,2.491,,,,38.834,,,
2268,,,,,,,,,,,,,,,
2269,,6.241,,0.5,,,1,1.5,,,,9.241,2964.48,,
2270,317.21,2,,12.4,,,2,0.151,,0.001,,337.362,,,
2271,253.107,,,20.4,,,2,6.092,,3.898,,289.497,,,
2273,,,,,,,,,,,,,,,
2274,83,,,,,,,1,,,,84,,,
2275,53,1,1,,,,1,0.312,,,,56.312,,,
2276,5,,,,,,0,1,,,,BLANK,3121,3121,3121
2277,,,,,,,,,,,,,,,
2278,10.69,,,,,,1,,,,,11.69,,,
2279,,110.1,,12,,,,,,,,122.1,,,
2280,,18.97,,,,,1,2.1,,,,22.97,,,
2283,53.73,,,,,,1,3.84,1.1,1.281,,56.83,,,
2284,36.75,,,,,,,1.73,,,,38.48,,,
2285,148.62,,,85.243,,,,0.423,,,,248.093,,,
2287,95,0,0,0,0,0,2,55.22,0.78,0,0,BLANK,,,
2288,142.65,,,11.998,,,1,7.823,1.65,,,164.932,,,
2289,25.207,,,1.67,,,0,2.52,17.32,,,46.72,,,
2292,51.24,0,0,31.628,0,0,2,1,5.66,,0,91.528,,,
2293,196,,,14.314,,,,1.889,,,,212.203,,,
2294,123,28.37,,,,,1,1.6,,,,BLANK,,,
2295,116.6,,,3,,,1,0.76,1.34,,,123.7,,,
2296,34.688,,,,,,,,,,,BLANK,,,
2297,17.045,,,,,,,,,,,17.045,,,
2298,60.553,,,1,,,,,,,,61.553,,,
2299,56,0,0,0,0,0,0,0.113,1.84,0.047,1.5,59.5,,,
2301,79.918,,,12.7,,,1,2.6,2.18,,,98.398,,,
2302,102,,,,,,,,,,,116.863,,,
2304,,,5.369,,,,1,6.59,2.91,,,15.87,,,
2305,39.86,,,11.57,,,,,,,,51.43,,,
2306,,,9,,,,1,,,,,10,,,
2307,12.5,,,,,,1,0.56,,,,14.06,,,
2308,59.63,,,,,,,3.941,,,,63.571,,,
2309,17,,,11,,,1,3,,,,32,,,
2310,155.51,,,16.273,,,,,2.1,,,173.883,,,
2311,95,27,,20,,,,56.64,,,,BLANK,,,
2312,,,,,,,,76.577,36.32,11.081,,64.778,,,
2313,88.63,,,,,,,1.935,,,,105.575,,,
2314,37.82,,,,,,1,1.18,,,,40,,,
2315,259.778,,,,,,,,,,,259.778,,,
2316,74.83,,,,,,1,7.88,,,,83.71,,,
2317,50.718,,,,,,,7,,,,57.718,,,
2319,,,,,,,,,,,,,,,
2320,50.89,,,3.31,,,,,1.87,,,56.07,,,
2322,120.63,,,18,,,,4.793,13,1.077,,157.5,,,
2323,37.39,,,13.897,,,,,,,,51.287,,,
2324,97.5,,,,,,1,2.5,,,,101,,,
2325,,,,,18.31,,1,,,,,19.31,,,
2326,82.32,,,15.49,,,1,3.338,10.02,0.242,,116.41,,,
2327,38.91,0,0,0,0,0,1,1.22,0,,,45.09,,,
2328,121.93,,,29.95,,,,0.33,6.66,,,158.54,,,
2329,3,,,10,,,1,2,,0,,BLANK,,,
2330,3,,,2.928,,,1,3,,0,,9.928,1844.34,,
2331,,,,,10,,1,2.63,1.37,,,15,,,
2332,,,,,,,,,,,,,,,
2333,,,,,,,,,,,,,,,
2334,40.75,,,5.44,,,1,2.934,5.821,,,56.155,,,
2335,,,7,10,,,1,8.68,,,,BLANK,,,
2336,33.74,,,,,,0,6.724,,,,40.464,,,
2337,126.982,22,18,33.327,76,,1,3.742,,,,BLANK,,,
2338,258,,,43.9,,,,6.06,12,0.87,,313.9,,,
2339,36.587,,,3,,,,,,,,39.587,,,
2340,307.663,0,0,9.76,0,0,0,5.876,0,0,0,323.299,,,
2341,91.51,,,,,,,4.586,2,0.022,,98.118,,,
2342,46.849,,,1.086,,,1,1.405,,,,50.34,,,
2344,,,,,,,,,,,,,,,
2345,,,,,,,,,,,,BLANK,,,
2346,51,0,0,14.57,0,5,1,3,0,0,0,74.57,,,
2347,109.75,0,,,,,,20.085,0,,,129.835,,,
2348,175.43,,,12.63,,,1,8.74,,,,197.8,,,
2351,57.39,,,,,,,4.69,,,,62.08,,,
2352,183.4,,,,,,1,0.42,5.5,4.269,,205.269,,,
2353,98.183,,,,,,,,,,,98.183,,,
2355,9,,,,,,1,1,,,,11,,,
2357,140.79,,,7.83,,,,1.006,,,,149.626,,,
2358,75.566,,,,,,,1.392,,,,76.958,,,
2359,253.88,,,,,,,30.099,4.39,0,,268.733,,,
2361,130.671,,9,12,,2,,,,,,153.671,,,
2362,76,,,,,,0,3.563,,,,79.563,,,
2363,195.4,,,10.13,,,1,1.735,5.74,0.168,,217.233,,,
2364,14.82,,,3.243,,,0,3.5,,,,BLANK,,,
2365,,3.896,,40.976,,,1,3.364,,,,49.236,,,
2366,,,,,,,,,,,,,,,
2367,38.64,0,0,0,0,0,0,1.36,0,0,0,40,,,
2368,,,,,,,0,3.528,,,,3.528,,,
2369,11.068,,,6.843,,,,0.024,,,,BLANK,,,
2371,676.665,,,21.62,,,,16.351,27.791,5.05,,747.476,,,
2372,102.044,,,2,,,,,,,,104.044,,,
2373,51,,,23.75,,,,2,,,,BLANK,,,
2374,80.39,,,7.43,,,,1.05,,,,88.87,,,
2378,,,,,,9.5,,,,,,,2600,,
2379,18.7,2.3,,15.451,,,,,,,,36.451,,,
2380,,,,,,,,,,,,,,,
2381,32.75,,,2.22,,,1,0.92,2,,,40,,,
2382,248.2,0,0,7.88,0,0,1,0.02,7.66,0,0,266.837,,,
2383,78.991,33.03,24.5,40,80,,,,,,,BLANK,,,
2384,,,,,,,,,,,,,,,
2386,64.41,,,,55.07,,1,5.015,16.099,0.519,,136.797,,,
2387,37.997,,,,,,,,,,,BLANK,,,
2389,,,,,,,,,,,,,,,
2391,,,,,,,,,,,,,,,
2392,15.41,,,10.818,,,,0.567,,,,26.795,,,
2393,74.5,,,,,,,2.728,0.5,0.272,,78,,,
2395,,,,49.176,,,,0.353,109.904,0,,159.433,,,
2398,204.03,35,27.32,40.14,,,1,12.51,,,,BLANK,,,
2399,95.996,,,,,,,0.362,0.67,0.688,,97.716,,,
2401,,,,,,,,,,,,,,,
2403,109.905,,,,,,,1.368,,,,111.273,,,
2404,142,,,,,,1,10.458,,,,153.458,,,
2405,40,10,0,0,0,0,1,9,0,0,0,60,,,
2406,,18,,,,,1,,,,,BLANK,,,
2409,,39.5,,,,,,,,,,BLANK,,,
2410,84.169,,,,,,1,,,,,85.169,,,
2411,,,,,,,,,,,,,,,
2412,11.79,,,4.36,,,,0.408,,,,16.558,,,
2413,20.294,,,,,,,,,,,20.294,,,
2414,90.89,,,40,,,,1.844,0.001,,,132.735,,,
2416,,,,,,,1,5.5,12.68,,,19.18,,,
2417,109.283,,,4.963,,,1,4.754,,,,120,,,
2418,308.56,,,28.49,,,0,11.04,,,,348.09,,,
2419,216.186,,,,,,1,7.852,,,,225.038,,,
2420,70.96,,,19.28,,,0,22.92,,,,113.16,,,
2421,131.18,,,,,,,7.627,,,,138.807,,,
2422,385.528,,,,,,1,13.434,,,,BLANK,,,
2423,142.98,,,,,,1,3.356,2.5,1.734,,155.57,,,
2424,21.59,,,,,,1,0.91,,,,23.5,,,
2425,146.85,,,,,,0,4.996,24.87,0.662,,182.842,,,
2427,166.6,,,22.3,,,3,,,,,191.9,,,
2428,153.09,,,,,,,5.276,,,,BLANK,,,
2433,126.06,,,,,,,3.063,,3.856,,132.979,,,
2439,37,,,,,,,,,,,BLANK,,,
2440,,7.51,,,,,1,1.369,,,,9.879,,,
2441,66.478,,,,,,,,,,,BLANK,,,
2442,74,,,2,,,1,2,,,,79,,,
2444,,,,,,,,,,,,,,,
2445,223,8,29.685,18,,,2,9.5,2.8,,,292.985,41322.21,65009.59,22314.94
2446,114.839,,,,15.82,,,1.575,0.64,1.755,,134.989,,,
2447,40,,,,,,,,,,,BLANK,,,
2448,,,,,,,,,,,,,,,
2450,,6.25,1,,,,1,5.21,,,,BLANK,,,
2451,10.5,,,,,,1,0.42,,,,BLANK,,,
2452,11.5,9,6,8,0,0,1,0.198,0,0,0,35.698,,,
2453,,,,,,,,,,,,,,,
2455,,,,,,,,,,,,,,,
2457,147.126,,,,,,,,,,,BLANK,,,
2458,,15,,7,,1.5,1,2.5,,,,27,,,
2459,80.1,,,,,,,1.7,8.29,0.364,,90.454,,,
2460,63.9,,,10.1,,,1,5,,,,80,,,
2461,104.721,,,19.13,,,1,0.158,9.66,0.052,,134.721,,,
2462,146.533,,,10,,,,,,,,156.533,,,
2463,,,,,,,,,,,,,,,
2466,53.5,,,,,,1,3,,,,57.5,,,
2469,11,4,,6.057,,,,,,,,21.057,,,
2471,120,,,,,,,,,,,BLANK,,,
2473,161.089,,,,,,,,,,,161.089,,,
2474,20.43,,,,,,,,,,,BLANK,,,
2475,409.26,,,,,,,12.2,,,,421.46,,,
2476,96.2,,,22.089,,,,,,,,118.289,,,
2477,117.197,0,0,2.2,0,0,1,0,0,0,0,120.397,,,
2478,138.96,0,0,4.7,0,0,1,0,0,0,0,144.66,,,
2479,151.09,,,1,,,,12.599,,,,164.684,,,
2480,,,,,,,,,,,,,,,
2481,,,,20.4,,,,,,,,BLANK,,,
2482,31.5,,13.5,2.083,,,1,4.156,,,,52.239,,,
2483,89.81,,,,,,,,,,,89.81,,,
2484,,,,10.16,,,,0.704,6.1,,,16.964,,,
2485,126.81,,,10.18,,,2,0.758,3.179,,,BLANK,,,
2486,111,20.136,,2.118,,,1,339.062,0,,,BLANK,,,
2487,53.68,,,12.18,,,,0.24,1.31,,,67.41,,,
2489,721.51,0,0,20.49,,,0,40.806,5.9,,,787.706,,,
2490,5,5,1.5,4,,,1,4.08,,,,20.58,,,
2491,145,,,9,,,2,0.614,,,,163,,,
2492,88.21,,,,,,,2.155,3.4,0.545,,94.31,,,
2493,,147.12,,15.54,,,,15.588,,,,178.248,,,
2494,285.7,,,,,,,,7.28,,,BLANK,,,
2495,73,7,20,16.5,,,1,2.5,,,,BLANK,,,
2496,,,,,17.08,,,,,,,17.08,,,
2497,212,,,80,,,2,11.573,0.3,,,305.873,,,
2498,,,,,,,,,,,,,,,
2499,,,,,,,,,,,,,,,
2500,64.127,,,0.054,,,,0.849,,,,65.03,,,
2501,123.77,,,2.68,,,,8.6,2.9,,,137.95,,,
2505,,,11.279,,,,1,2,,,,14.279,,,
2506,102.1846,,,10.4,,,,3.6434,,,,116.228,,,
2507,77.193,,,,,,,0.9,,,,78.093,,,
2508,69.567,,,,,,,,,,,BLANK,,,
2509,,86.28,,,,,,4.473,4.81,,,95.563,,,
2510,100.94,,,,,,0,9.786,,,,110.726,,,
2512,28.16,,,6.1,,,1,4.74,,,,40,,,
2513,20,,,,,,,,,,,BLANK,,,
2514,452.994,,,,,,,,,,,BLANK,,,
2515,171.5,0,0,0,0,0,2,747.46,4.08,0,0,BLANK,,,
2516,156.288,,,,35.91,,,121.544,,0,,313.742,,,
2517,64,,,10,,,1,2.75,,,,77.75,,,
2518,100,,,,,,1,4,,,,105,,,
2519,84.84,,,,,,,,,,,84.84,,,
2520,217.817,,,,,,1,2,,,,220.817,,,
2521,64.838,,,,,,,,,,,BLANK,,,
2522,95,,,,,,,,,,,BLANK,,,
2523,132.987,,,,,,0,2.654,,,,135.641,,,
2524,7.18,,,,,,,,,,,7.18,3336,,
2525,,,,,,,,,,,,,,,
2526,182.119,,,12.411,,,1,4.47,,,,200,,,
2527,271.47,,45.6,51.7,,,1,13.3,,,,383.07,,,
2528,69.84,,,,,,,3.817,,,,73.657,,,
2529,160,,,,,,,,,,,160,,,
2531,216.67,,,7.627,,,,8.586,,,,232.883,,,
2532,17.809,,,,,,,,,,,17.809,,,
2534,155.31,31.76,,43.12,,,1,4.91,1.2,,,237.3,,,
2535,60,,,,,,,,,,,60,,,
2537,101.6,,,5.3,,,,3.97,,,,110.87,,,
2538,,,,,,,,,,,,,,,
2539,82.99,,,,,,0,8,,,,BLANK,,,
2540,138.57,,,,,,,,,,,138.57,,,
2541,67,,,11,,,1,1,,,,80,,,
2542,61.47,,,13.25,,,0,4.83,,,,79.5,,,
2544,127.695,,,,,,,,,,,127.695,,,
2545,,279.596,,90.026,,,,4.179,11.41,6.866,,386.697,,,
2546,76.212,,,,,,,,,,,76.212,,,
2547,13.674,,,,,,,,,,,13.674,,,
2550,205,,,,,,,6.061,,,,211.061,,,
2551,,,,,13.235,,0,1.671,,,,14.906,,,
2552,63.89,,,3.04,,,0,1.06,35.828,,,BLANK,,,
2555,,,,,,,,,,,,,,,
2556,72.2,,,18.6,,,1,8.401,,,,100.201,,,
2557,109,,,13.959,,,,,,,,122.959,,,
2558,72.013,,,20.006,,,1,4.041,,,2,99.06,,,
2560,21.978,,,9.769,,,,4.842,15.5,,,52.089,,,
2562,,,,,,,,,,,,,,,
2563,161.35,,,,,,,,,,,BLANK,,,
2564,46,,,,,,,,,,,46,,,
2567,66.08,,,13.92,,,,,,,,80,,,
2568,25.72,,,,,,,0.799,,,,26.519,,,
2569,366.869,,,33.25,,,1,15.834,3.34,4.442,,431.38,,,
2570,156.77,,,32.804,,,,,,,,189.574,,,
2572,189.13,,,,5.48,,1,10.733,3.6,0.978,,210.921,,,
2573,707.183,,,,90.447,,2,28.344,15.21,15.722,,857.396,,,
2576,60.54,,,5.17,,,,2.388,,,,68.098,,,
2577,90,,,20,,,,,,,,110,,,
2578,,,,,,,,,,,,,,,
2579,,,,,,,,,,,,,,,
2580,,,2.197,5.18,,,1,2.842,105.401,,,121.28,,,
2581,26.252,,,,,,,0.79,1.22,,,28.262,,,
2584,138,22,,0,0,0,0,,,,,BLANK,32500,2860,
2586,,,,,,,,,,,,,,,
2589,55.3,,,38.474,,,1,5.91,,,,100.684,,,
2590,148.681,9.41,5.27,,49.27,,1,3.375,,,,217.006,,,
2592,120,,,28.115,,,1,2,,,,157.115,,,
2593,211.1,,,9.2,,,,10.479,,,,230.779,,,
2594,127.08,,,7.95,,,,2.53,,,,137.56,,,
2596,221,,,15,,,,7,0,,,241,,,
2598,182.144,,,,,,,,,,,BLANK,,,
2599,248.423,,,33.795,,,,9.963,,,,292.181,,,
2601,68.01,,,29,,,,2.676,4.064,,,BLANK,,,
2602,23.93,,,29.388,,,,4,,,,57.318,,,
2603,66.87,,,15.38,,,,3.868,,1.822,,87.94,,,
2605,73,,,2,,,1,4,,,,80,,,
2606,56.11,0,0,12.6,0,0,1,1.388,1.9,0.612,0,75.61,,,
2607,44,,,34.88,,,1,4,,,,83.88,,,
2612,,,,,32.24,,1,1.5,,,,34.74,,,
2613,,55,,7,,,1,17,,,,80,,,
2614,239,,,44,,,1,5.373,,,,289.373,,,
2615,12.626,,,,,,,,,,,12.626,,,
2616,35,8,,25.53,,,1,0.1,2.9,,,73.53,,,
2618,60,,,,,,,,,,,60,,,
2619,40,,,,,,,,,,,BLANK,,,
2620,100,,,26.475,0,0,0,5,0,0,0,131.475,,,
2623,385.834,,,36.55,,,,5.464,20.95,3.619,,452.339,,,
2624,35.39,,,,,,,1.346,,,,36.736,,,
2626,157.465,,,,,,,,,,,157.465,,,
2627,,,,,,,,,,,,,,,
2628,87.731,,,0.314,,,,1.816,,,,89.861,,,
2629,,,,,,,,,,,,,,,
2630,50.4,,,,,,,,,,,50.4,,,
2631,69.951,,,1.61,,,0,6.666,,,,78.227,,,
2632,,,,,,,,,,,,,,,
2633,246.94,,,,,,,11.99,,,,258.93,,,
2634,186.067,8.89,,6.9,,,,9.761,0,,,211.618,,,
2635,31.647,,,24.794,,12,1,4.54,,,,BLANK,,,
2636,30,5,20,,,,,1.313,,,,BLANK,,,
2638,176.33,,,9.6,,,1,10.17,,,,197.1,,,
2639,86,,,10,,,0,1.53,,,,97.87,,,
2640,37,,,,,,,,,,,37,,,
2641,8.615,,1,1.013,,,2,0.661,,,,13.289,14063,,
2642,22.1,,,8.5,,,,1.4,0,,,32,,,
2645,142.42,,,10.062,,,1,6.518,,,,160,,,
2646,30,,,10,,,,,,,,40,,,
2649,284,,,,,,2,16.185,,,,302.185,,,
2651,127.172,,,25.4,,,2,6.469,,,,161.041,,,
2653,290,,,,,,,4.87,,,,294.87,,,
2654,138.779,,,3,,,,1.178,,,,142.957,,,
2659,69.45,,,12.589,,,1,3.769,,,,89.808,,,
2660,99,,,,,,,,,,,99,,,
2661,142.12,,,14.944,,,,0.04,,,,162.104,,,
2663,120.09,,,14,,,1,4.999,,,,140.089,,,
2664,17,,,,,,,,,,,BLANK,5969.04,,
2666,30,13,15,12,,,1,4.038,,,,BLANK,,,
2667,46.255,,,,,,,,,,,46.255,,,
2671,27.489,,,,,,,1.43,8.57,,,37.489,,,
2672,310.522,,,3.218,,,1,19.762,3.38,,,337.88,,,
2677,101,,,,37,,,2,,,,140,,,
2681,75,,,21,,,1,0.501,5.1,2.087,,111.488,,,
2682,432.47,,,,,,,,,,,BLANK,,,
2683,107.433,,,,,,0,1.687,,4.812,,124.6,,,
2684,,,,,,,,,,,,,,,
2685,72,,,,,,2,1.56,0.59,,,80,,,
2687,76.98,,,,,,1,1.71,,,,79.69,,,
2688,,,,,,,,,,,,,,,
2689,20.683,,,,,,,18,,,,BLANK,3000,,
2691,6.1,,,,,,0,4,,,,BLANK,,,
2692,29.8,,,,,,,,,,,29.8,,,
2693,71.57,0,0,0,0,0,1,7.036,0,0,0,79.606,,,
2694,84,,,,,,1,0.58,,,,85.58,,,
2695,107,,,45.749,,,,4.88,,,,166.749,,,
2696,,,,10.163,,,,,,,,BLANK,,,
2697,14,,,8.41,,,1,0.5,,,,23.91,,,
2699,77.85,,,,,,1,0,0.79,0,,80,,,
2700,34.603,,,4.6,,,1,4.905,,,,45.108,,,
2702,267.93,,,6,,,2,7.762,,,,283.692,,,
2703,0.509,,,,,,1,0.766,3.7,,,BLANK,,,
2704,,,,22,,,0,1.957,36.801,,,64.758,,,
2705,9,,,16.482,,,1,5.39,,,,31.827,,,
2706,,7.44,,,,,,,,,,7.44,,,
2707,2,,,,,,1,1.233,,0.027,,5.01,,,
2708,,,,,12.149,,,,,,,BLANK,,,
2709,,55.5,,,,,1,4.978,,,,61.478,,,
2711,,,,,,,,,,,,,,,
2713,76.727,,,0.861,,,,2.412,,,,80,,,
2716,11.822,,,0.548,,,,0.13,,,,12.5,,,
2719,6,,,8.694,,,,,,,,14.694,,,
2721,,,,,17.48,,1,1,,,,BLANK,,,
2723,16.749,,,,,,,,,,,BLANK,,,
2725,125,,,,,,,7.612,,,,BLANK,,,
2726,,19.675,,,,,,0.33,,,,20.005,,,
2730,,5.521,,12.72,,,,,,,,12.72,2500,,
2731,30,,,6,,,0,7,,,,BLANK,,,
2733,54,,,9,,,,4.6,,,,BLANK,,,
2734,110,17,20,,,,1,13.557,,,,161.557,,,
2736,,,,,,,,,,,,,,,
2737,16,,,,,,,,,,,16,,,
2738,54.3,,,4,,,0,1.76,12.9,,,76.62,,,
2739,228.18,,7.221,36.922,,,2,6.477,12.74,0.157,,301.577,,,
2740,10,,,,20.084,,,,,,,30.084,,,
2741,72,,,13.022,,,,9.299,3.4,17.701,,115.422,,,
2742,34.678,16,,,,,1,1,,,,BLANK,,,
2744,87,,,10,,,,3,,,,100,,,
2745,104.5,,,8.52,,,0,40.154,,,,153.174,,,
2746,67.311,,,4,,,1,,,,,72.311,,,
2747,31.06,,,0.67,,,,1.28,,,,33.01,,,
2748,,,,,,,,,,,,,,,
2749,,,,6.399,,,,,6.59,,0.55,13.539,,,
2750,80,,,,,,,0.43,,,,80.43,,,
2752,43.7,,,,,,,7.074,,,,50.774,,,
2755,23.26,,,,,,,2.34,,,,25.6,,,
2758,,,,,,,,,,,,,,,
2759,150,,,,,,,6.729,,,,156.729,,,
2760,4.5,,,,,,1,0.852,,,,6.352,3600,,
2761,60.67,,,8.26,,,,1.26,,,,70.19,,,
2762,228.6,,,4.68,,,1,9.973,4.43,,,248.683,,,
2764,,,,,,,,7.01,12.1,,,BLANK,,,
2767,214.65,,,27.257,,,,4.891,,,,246.798,,,
2768,313.76,,,29.3,,,1,3.999,9,0.533,,358.322,,,
2769,,,,,,,,,,,,,,,
2770,,,10,5,,,,,,,,15,,,
2771,8,,,,,,1,3.36,3.9,,,16.26,,,
2772,70.176,,,8.606,,,1,4.66,,,,84.442,,,
2773,518.764,,,32.976,,,,13.856,46.826,,,612.422,,,
2774,99.23,,,,,,,4.529,,,,103.759,,,
2777,59.02,,,17.15,,,,3.44,,,,BLANK,,,
2778,11.16,,,24.34,,,1.81,,2.33,,,BLANK,,,
2779,18.1,,,,,,1,2.5,,,,21.5,,,
2780,,2.5,2.2,,,,1,1.042,,,,6.742,2650,,
2783,40.982,,,,,,,1.382,,,,42.364,,,
2784,139.1,,,,,,1,4.9,,,,145,,,
2785,79.725,,,,,,,,,,,BLANK,,,
2786,9.175,,,,,,,,,,,BLANK,,,
2787,10,,,,,,1,4,,,,15,,,
2788,187.25,4.7,10.75,33.09,,,1,13.21,,,,250,,,
2789,40,,,40,,,,,,,,80,,,
2790,,,,,,,,,,,,,,,
2791,63.91,,,10.29,,,1,4.8,,,,80,,,
2793,7,,,2.429,,,1,,,,,11.599,,,
2794,39.002,,,,,,,,,,,39.002,,,
2796,55.653,,,23.99,,,,0.907,,,,80.55,,,
2798,23.9,,,1.3,,,1,3.03,0.5,,,29.73,,,
2802,77.518,,,,,,,,,,,BLANK,,,
2803,,80,20.078,10,,,1,2,,,,113.078,,,
2809,23,0,0,13,0,4,0,0,0,0,0,40,,,
2811,,78.42,,,4.24,,,4.351,10.35,0.238,,97.599,,,
2812,15,,,,,,1,,,,,16,,,
2813,139.23,,,6.026,,,1,15.03,,,,141.246,,,
2814,3.6,,,6.719,,,1,1.688,,,,13.007,,,
2818,41.53,,,,,,,,,,,41.877,24037.18,,
2819,,20,,15,,,,2.92,,,,37.92,,,
2821,188.28,,,,,,,,,,,BLANK,,,
2823,3.2,,,5,,,1,2.078,14.486,,,25.764,,,
2825,23.71,,,11.38,,,1,1.5,,,,37.59,,,
2830,,,,,,,,,,,,,,,
2831,5,,,,,,,0.255,,,,5.255,,,
2832,72.881,0,0,5,0,0,0,0,0,0,0,77.881,,,
2835,32.2,3.5,,,,,0,1.3,0,,,39.29,,,
2836,72.27,,,3.5,,,,2.73,0,,,BLANK,,,
2837,47.67,,,,,,,,,,,BLANK,,,
2840,,,,,,,,,,,,,,,
2842,65.92,,,,,,,,,,,65.92,,,
2843,5,15,,20,,,,,,,,BLANK,2500,,
2845,,,10,9,,,1,0.314,,,,20.314,,,
2846,48.69,,,,,,,,,,,48.69,,,
2847,12.74,,,,,,1,1,,,,14.74,,,
2848,19.8,,,,,,,0.7,,,,20.5,,,
2849,74.999,,,,,,,,,,,74.999,,,
2850,89,,,,,,,1.857,,,,90.857,,,
2851,56.618,,,,,,,0.497,,2.544,,59.659,,,
2852,,,,30,,,,,,,,30,,,
2853,202.34,0,1,28.961,,`,1,0.23,0,,0,BLANK,,,
2854,35,,,13.798,,,,,,,,48.798,,,
2855,,,,,,,,,,,,,,,
2857,,13,,,,,1,3.98,,,,17.98,,,
2858,10,,,13.445,,,,,,,,23.445,,,
2860,8.86,,,,,,1,0.683,0,,,15.023,,,
2861,,,,,,,,,,,,,,,
2862,89.3,,,,,,,,,,,89.3,,,
2863,69.5,,,0.36,,,,1.562,0.59,0.246,,72.258,,,
2865,,,,,,,,,,,,,,,
2867,58.877,,,,,,,,,,,58.877,,,
2870,142.046,,,,,,,,,,,142.046,,,
2871,18.38,,,,,,1,0.62,,,,20,,,
2872,62.14,,,,,,,6.486,,,,68.626,,,
2873,,,,,,,,,,,,,,,
2874,,40,,10,,,1,19,,,,70,,,
2877,33.87,,,,,,,1,,,,BLANK,,,
2878,2,0,0,0,18,0,0,0,0,0,0,20,,,
2879,19,,,,,,,0.666,,0.334,,20,,,
2880,236.83,,,1.376,,,0,3.285,7.17,0.724,,255.965,,,
2881,60.8,0,0,15.58,0,0,0,3.62,0,0,0,80,,,
2884,66.36,,,8.42,,,,2.17,0,,,80.43,,,
2886,0,0,0,0,15,,0,2.175,0,0,0,17.175,,,
2887,33.45,0,0,10.286,0,0,1,2,0,0,0,46.736,,,
2888,89.27,,,19.01,,,1,1.12,,0,,115,,,
2889,73.83,,4,,,,,0.93,3.56,,,82.32,,,
2890,6.504,,,4,,,,,,,,10.504,,,
2891,294.79,,,,,,1,37.348,30.11,3.982,,363.23,,,
2893,70.98,,,4.78,,,1,4.52,,,,81.28,,,
2894,50.04,,,,,,,7.223,,,,BLANK,,,
2895,155.033,,,,,,,1.351,,,,156.384,,,
2899,16,7,3,12.3,,,1,0.17,2.53,,,BLANK,2800,8160,
2901,,,,,20.58,,,,,,,20.58,,,
2902,48.438,,,,,,,,,,,BLANK,,,
2905,104,,,,,,1,,,,,105,,,
2906,,,,,,,,,,,2.793,2.793,12169.04,,
2908,16,14,18,,,,,,,,,48,,,
2910,53.34,,,15.408,,,1,3,,,,72.748,,,
2913,,,,,,,,,,,,,,,
2914,70,11,,22,,,1,5.04,,,,BLANK,,,
2915,78.472,,,3,,,,104.016,,,,BLANK,,,
2919,,,,,,,,,,,,,,,
2920,,155.967,,6,,,,2.668,,,,164.635,,,
2921,,,,29.1,,,1,2.674,33.1,,,65.874,,,
2922,24.5,8,,,,,0,7.578,,,,40.078,,,
2925,74,,,,,,,1,,,,75,,,
2926,35.344,,,,,,,0.2,,,,35.544,,,
2927,208.51,,,20.95,,,,4.789,,,,234.249,,,
2928,39.2,,,,,,,0.8,,,,40,,,
2929,25.296,,,9.843,,,,1.429,,,,BLANK,,,
2932,32,,,4.164,,,1,3.3,,,,40.464,,,
2933,14,,,,24,,1,2,,,,41,,,
2934,35.2,,,9.26,,,,1.996,,0.004,,BLANK,,,
2940,38.562,,,,,,,,,,,38.562,,,
2941,,,,,,,,,,,,,,,
2943,63.14,0,1.86,0,0,0,0,,0,0,0,BLANK,,,
2945,72,10,,,,,1,4.537,,1.133,,88.67,,,
2946,182.71,,,,,,,8.091,1.08,0.069,,191.95,,,
2948,9.34,,,,,,,3.5,,,,BLANK,,,
2950,60.6,,,1.17,,,,5.098,,,,66.868,,,
2951,67.765,,,,,,,3.298,,,,71.063,,,
2952,74,,,,,,,0.942,,,,74.942,,,
2953,94.07,,28.2,16.28,,,,3.65,,,,142.2,,,
2954,84.31,0,0,0,0,0,0,2.76,0,0,0,87.07,,,
2955,91.296,5.81,,,,,1,16.719,,,,114.825,,,
2957,74.974,,,,,,,2.37,,,,77.344,,,
2958,15,,,,,,,,,,,15,,,
2960,,,,,28,,,2.562,,,,30.562,,,
2961,17.43,,,,,,,1.025,,,,18.455,,,
2963,75.75,,,,,,,,,,,75.75,,,
2964,19.094,,,0.116,,,,1.418,,,,20.628,,,
2965,154.562,,,0.371,,,,2.938,,0.373,,158.244,,,
2966,75.48,,,,,,,2.415,,,,77.895,,,
2967,,,,,,,,,,,,,,,
2970,12.712,,,,,,,,,,,BLANK,,,
2972,82.26,15.83,,,,,,11.351,,,,119.83,,,
2973,18.37,,,,,,1,2.943,,,,22.313,,,
2976,55.6,,,10,,,,2.489,3.78,4.596,,76.485,,,
2977,65,,,8,,,,1.357,,,,BLANK,,,
2979,26.95,0,0,0,0,0,0,0,0,0,0,26.95,,,
2981,92.5,,,,,,1,2.5,,,,96,,,
2982,,149,11,10,21,,3,5,,,,199,,,
2984,64.1,,,10,,,1,2,,,,77.1,,,
2988,27.171,,,7.695,,,,1.115,,,,35.981,,,
2990,73,,,12.874,,,0,0.28,0.72,,,88.87,,,
2992,36.34,0,0,9.91,0,0,1,1.75,0,0,0,36.34,,,
2993,,,,,22.934,,,,,,,BLANK,,,
2996,,,,,,,,8.524,9.13,,,17.654,,,
2998,153.75,,,,,,1,0,,,,BLANK,,,
2999,31.6,0,0,22.4,0,0,1,8.433,15.39,1.167,,BLANK,,,
3000,124.25,,,16.08,,,2,3.671,,,,146.001,,,
3001,56.53,,,26.25,,,1,6.042,,,,95.135,,,
3002,70.6,,,,,,,2.822,0.61,0.468,,75.198,,,
3004,130.46,,,,,,1,4.522,21,2.068,,BLANK,,,
3006,80,,,33,,,1,1,,,,BLANK,,,
3007,13.92,,,4.234,,,1,0.45,,,,BLANK,,,
3009,58,,,26.42,,,,,,,,BLANK,,,
3010,151.72,1.5,3.5,,,,1,6.14,,,,163.86,,,
3012,41.42,,,,,,,2.08,,,,43.5,,,
3013,27.03,,,,,,,1.23,,,,28.26,,,
3014,155.27,0,0,0,0,0,1,13.51,0,0,0,169.78,,,
3017,169.57,,,,,,1,11.32,2.6,0.31,,180.8,,,
3019,,,,,,,,,,,,,,,
3020,20,0,0,9,0,0,0,1,0,0,0,29.585,,,
3021,294,,,21.44,,,1,5,,,,321.44,,,
3022,,,,,,,,,,,,BLANK,2500,,
3024,,,,,,,,,,,,,,,
3025,127.46,,,23.51,,,,,,,,150.97,,,
3027,55.5,,,,,,,,,,,BLANK,,,
3030,10,,,14,,,0,2.27,,,,26.27,,,
3032,117.39,,,32.99,,,,5.566,,4.054,,160,,,
3033,,,,,17,,1,7.512,,0,,21.5,,,
3035,77.96,,,8.098,,,,,,,,86.058,,,
3036,916.01,,,17.74,,,3,6.178,1.16,0.17,,963.458,,,
3038,18.055,,,,,,0,2,,,,20.055,,,
3039,65,,,6,,,,,,,,BLANK,15017.35,,
3040,104.2,,,,,,,2.556,,0.094,,106.85,,,
3041,20,,20.934,12,,,1,,,,,53.934,,,
3042,5.15,,,,,,,0.906,,,,6.056,2549.25,2781,
3043,16.87,2,13,8,,,1,0.6,0.4,,,43.87,,,
3044,34.608,0,0,0,0,0,0,0.282,8.7,0,0,43.59,,,
3046,41.63,,,,,,1,23.37,21.01,,,87,,,
3049,,,,,17.021,,0,7.049,,,,20.07,,,
3050,,,,,,,,,,,,,,,
3051,68.366,,,10,,,,,0.28,,,73.666,,,
3052,83.7,6.3,,,,,1,5.269,12.3,0.401,,109,,,
3053,66.988,,,5.618,,,,1.125,,,,73.731,,,
3054,,,,,,,,,,,,,,,
3056,50,,,,,,,7.67,0,,,57.67,,,
3057,72.268,,,5.68,,,1,1.98,,,,80.928,,,
3058,97.98,,13.026,,,1.5,1,1.13,1.02,,,120,,,
3061,,40,,,,,,,,,,BLANK,,,
3062,30.74,,,9.26,,,,,,,,BLANK,,,
3063,66.661,,,,,,,,,,,66.661,,,
3064,23.9,,,,,,,0.353,,,,24.253,,,
3065,82.274,,,15.844,,,1,6.911,,,,106.029,,,
3066,177.005,,,,,,,,,,,177.005,,,
3067,15.875,,,,,,,,,,,15.875,,,
3068,,,,,,,,,,,,,,,
3069,15.25,,,,,,0,2.639,1.8,,,19.689,,,
3070,110.5,,,,,,,2.913,,,,113.413,,,
3071,76.376,,,,,,,3.624,,,,80,,,
3072,52.55,,,,,,,,,,,60,,,
3075,83.012,,,,,,,,,,,83.012,,,
3076,,,,,,,,,,,,,,,
3078,264,,,,31.666,,,10.427,,,,306.093,,,
3079,5.57,,,,,,0,1.569,,,,7.139,2344.48,,
3080,10.573,,,,,,1,0.3,,,,BLANK,,,
3086,113.71,,,30.262,,,0,1.905,3.7,1.185,,153.122,,,
3087,26,0,0,9.672,0,0,0,0,0,0,0,35.672,,,
3089,14.16,,,2.78,,,1,2.776,,,,BLANK,,,
3090,,,,,,,,,,,,,,,
3091,52.804,,,,,,1,1,,,,54.804,,,
3092,7.86,,,,,,1,1.525,,,,10.385,,,
3094,94.63,,,,,,,0.637,,,,95.303,,,
3096,29.3,,,,,,,0.7,,,,30,,,
3098,28.94,,,,,,,,,,,28.94,,,
3099,279.13,,,8.88,,,1,2.823,5.19,1.661,,306.684,,,
3102,,,,,29.514,,,,,,,BLANK,,,
3103,13.828,,,,,,,,,,,BLANK,,,
3104,,,,,17.086,,,,,,,17.086,,,
3105,29.069,,,16.38,,,1,0.774,,,,47.223,,,
3108,51.04,3,,8.053,,,1,,,,,63.093,,,
3109,7.95,,,,,,,,,,,7.95,3224.52,,
3111,8.2,,,,,,,1.8,0,,,BLANK,3739.2,,
3112,73.964,,,,,,1,1.036,,,,76,,,
3113,75.16,,,1.35,,,0,2.81,,,,79.32,,,
3116,,,,,,,,,,,,,,,
3117,126.194,,,16.072,,,,0.647,,,,142.913,,,
3118,,,,,,,,,,,,,,,
3120,172.793,,,9.083,,,,3.287,,,,185.163,,,
3121,37.5,,,2.54,,,0,3,,,,43.04,,,
3122,75.92,,,,,,1,2.311,,,,78.333,,,
3123,28.58,,,0.13,,,,0.725,,,,29.435,,,
3128,6.636,,,,,,1,0.75,,,,8.386,780,3849.95,62538.75
3129,267.979,,8,,,,2,6.87,3.12,0.13,,288.099,,,
3130,20.3,,,,,,,,,,,20.3,,,
3131,35.259,,,,,,,,,,,BLAQNK,,,
3132,,,,,,,,,,,,,,,
3133,67.66,,,,,,,,,,,BLANK,,,
3135,,,,,,,,,,,,,,,
3136,,,,,,,,,,,,,,,
3137,,,,,,10.9,,1.74,,,,12.64,,,
3138,48.48,0,0,0,0,0,1,2.89,0,0,0,52.37,,,
3139,11.5,,,,4,,,,,,,15.5,,,
3141,88.59,,,5.28,,,1,1.034,0,0.966,,100,,,
3142,35.04,,,,,,,,,,,35.04,,,
3144,,,,,,,,,,,5.021,5.021,"108,992",,
3146,,,11.166,,,,,,,,,BLANK,,,
3147,10.377,,,,,,0,1,,,,BLANK,,,
3148,,,,21.764,,,1,1,,,,BLANK,,,
3149,,,,,23.464,,,0.5,0,,,23.964,,,
3150,20.93,,,95.87,,,1,9.921,59.08,,,182.801,,,
3151,75.776,,,,,,,,,,,BLANK,,,
3152,73.893,,,,,,,1.542,,,,75.435,,,
3154,128.264,,,23.165,,,0,0.628,,,,BLANK,,,
3155,48.969,0,0,0.117,0,0,0,0.914,0,0,0,50,,,
3156,60,,,,,,,,,,,BLANK,,,
3157,60,,,,,,1,38.56,,,,99.56,,,
3158,,24.693,,11.031,,,1,0.278,,,,37.002,,,
3159,107,,,3.596,,,0,2.551,,,,113.147,,,
3160,198.59,,,17.07,,,1,2.403,,,,225.043,30889,59278,
3161,66.075,,,11.723,,,1,1.212,,,,80,,,
3162,131.634,,,32.549,,,3,0.346,,,,167.529,,,
3164,26,62.431,,17.318,,,1,5,,,,111.749,,,
3165,,,,,,,,,,,,,,,
3166,36.984,,,,,,,2.016,,,,39,,,
3167,79.146,,,,,,,0.606,,,,79.752,,,
3169,28.91,25,7.097,,,,,,,,,61.007,,,
3170,2,,,,,,1,1.214,0.8,,,BLANK,36000,,
3171,,,,,,,,,,,,,,,
3172,,,,,,,,,,,,BLANK,,,
3173,,,,,,,,,,,,,,,
3174,49.5,,3,12,0,,1,9.579,,,,75.079,,,
3175,78.569,,,,,,,,,,,78.569,,,
3176,102.101,,,,,,,,,,,102.101,,,
3177,,,,,,,,,,,,,,,
3178,7.7,,,,,,1,1.846,,,,10.546,,,
3179,160.62,,,37,,,1,13.137,,,,211.757,,,
3180,71.53,,,30.118,,,1,6.62,8.37,,,117.638,,,
